OrderID,Date,Product,Category,Price,CustomerID
1001,2024-12-20,Dwarven Axe Coasters (Set of 4),Home Goods,19.99,78ae7863-24b6-430e-b617-5568cffd07a7
1002,2024-01-19,Cthulhu Silhouette Mug,Home Goods,15.99,0cb14fdb-b4fe-484f-8dba-bcd65dc824f4
1003,2024-07-26,Enchanted Forest T-Shirt,Apparel,24.99,f2350657-536d-4510-b313-b32ab5cba8a7
1004,2024-10-27,Developer Joke Sticker,Accessories,3.5,054967eb-3ade-48e8-901e-594ffefc7359
1005,2024-08-03,Cthulhu Silhouette Mug,Home Goods,15.99,b342b695-7d00-420a-8de3-9e36c849d245
1006,2024-04-19,Cosmic Horror Sticker Pack,Accessories,12.0,f78e28a0-bb67-4ae8-9bb8-d5719d7aed73
1007,2024-11-17,Enchanted Forest T-Shirt,Apparel,24.99,ab6c4525-a99b-42a7-9a2c-77befbcc1e84
1008,2024-08-06,Enchanted Forest T-Shirt,Apparel,24.99,bccdb1d5-df7c-4626-a805-11798921c136
1009,2024-11-26,Elven Leaf Art Print,Home Goods,32.0,9f02996a-152e-4050-b94c-48b9b380b397
1010,2024-06-24,Viking Rune Keychain,Accessories,9.5,aa144a72-3ca6-4b9e-9a36-659f14d8e97e
1011,2024-06-20,Enchanted Forest T-Shirt,Apparel,24.99,daa20217-5a0f-4b35-94e3-bcd742fcdf22
1012,2024-08-10,Cosmic Horror Sticker Pack,Accessories,12.0,f95cd444-347e-4cbc-9b27-6a3e66b1aa9c
1013,2024-07-25,Enchanted Forest T-Shirt,Apparel,24.99,3746e359-4c9c-4119-8931-81a61b6bb038
1014,2024-01-30,'Code & Coffee' Tee,Apparel,22.99,4d18fbfb-926e-4d48-8bf3-4acfc93466bc
1015,2024-09-11,Viking Rune Keychain,Accessories,9.5,959236cb-e48c-4c71-a4ce-83e005075ca5
1016,2024-03-03,Enchanted Forest T-Shirt,Apparel,24.99,3fe84d8a-b942-4c9c-b4f8-f130d2b25bb5
1017,2024-01-28,Cosmic Horror Sticker Pack,Accessories,12.0,07ab5601-d037-461a-b6c6-57096e001160
1018,2024-09-25,Cthulhu Silhouette Mug,Home Goods,15.99,7d3d0247-67c4-4f93-a1a2-fb24ba357215
1019,2024-03-04,'Code & Coffee' Tee,Apparel,22.99,1dc363ac-27b0-4b57-8bb1-def23e1107e5
1020,2024-05-09,Enchanted Forest T-Shirt,Apparel,24.99,e162e595-50b2-4c7b-b371-441d53f52f6c
1021,2024-04-15,Viking Rune Keychain,Accessories,9.5,1ea796a0-22c9-4ceb-8303-7bfe207445e9
1022,2024-04-18,Enchanted Forest T-Shirt,Apparel,24.99,53d33a8d-b58c-4346-b476-cfb46b3cc334
1023,2024-02-09,'Code & Coffee' Tee,Apparel,22.99,f5a1da5e-2e08-4285-8579-75aebd7a2e79
1024,2024-01-09,Minimalist Dragon Hoodie,Apparel,45.5,50c7dd23-6994-49f2-9614-7614daec361c
1025,2024-05-11,Cthulhu Silhouette Mug,Home Goods,15.99,bd881430-66ae-4159-aa1f-f8a501696991
1026,2024-08-29,Cosmic Horror Sticker Pack,Accessories,12.0,5d78476c-3ec0-40db-8c7a-f6b6585b9847
1027,2024-05-05,RPG Class Symbol Enamel Pin,Accessories,10.0,d8c2ffc8-60ab-41df-930a-d841f409ab91
1028,2024-12-07,Elven Leaf Art Print,Home Goods,32.0,f50cd45a-7e2d-47e5-8bf3-fe0380837fd8
1029,2024-06-21,Enchanted Forest T-Shirt,Apparel,24.99,a2ba105e-3866-4fa1-8b90-57f5fd608715
1030,2024-04-27,Minimalist Dragon Hoodie,Apparel,45.5,a035d58f-74b8-4853-83b5-f3ea2d1f8742
1031,2024-06-18,Minimalist Dragon Hoodie,Apparel,45.5,e14af261-d354-4010-acb9-25642bfc2ecc
1032,2024-07-04,Mimic's Grin Throw Pillow,Home Goods,25.0,d6f63f1e-0796-44ab-8355-e613944fb90b
1033,2024-11-29,Cosmic Horror Sticker Pack,Accessories,12.0,e032a4be-63ec-4469-ac41-1e93555b6541
1034,2024-07-25,RPG Class Symbol Enamel Pin,Accessories,10.0,2553359b-c0ac-4a79-ac3d-3f9dad32456b
1035,2024-07-09,Elven Leaf Art Print,Home Goods,32.0,538a43e7-4d7a-4ce0-9c27-e994ee769425
1036,2024-06-11,Cosmic Horror Sticker Pack,Accessories,12.0,5bf28d67-0476-4bf2-a10f-5fd82cdd436c
1037,2024-12-17,Minimalist Dragon Hoodie,Apparel,45.5,d9316595-a4a6-4425-9db9-5e3df4747e0c
1038,2024-06-02,Cthulhu Silhouette Mug,Home Goods,15.99,bb042ca5-8de2-4b03-9db6-c733f896975a
1039,2024-10-17,Cthulhu Silhouette Mug,Home Goods,15.99,8d7db4de-ce68-420c-817e-1d9e2599c991
1040,2024-11-06,Enchanted Forest T-Shirt,Apparel,24.99,946b0be7-0c38-41cd-ab31-83e07b11dcb9
1041,2024-10-10,'Code & Coffee' Tee,Apparel,22.99,86605336-ff8b-483e-9d62-acf7a974a520
1042,2024-08-05,Viking Rune Keychain,Accessories,9.5,1d2bbcbb-78e8-4674-a678-396c78fcb5ae
1043,2024-11-07,Mimic's Grin Throw Pillow,Home Goods,25.0,622a6fef-871d-44be-b402-39970d6240ad
1044,2024-02-29,Sorcerer's Hat Embroidered Cap,Apparel,28.0,803bc90e-8a26-44eb-b3f2-f3215b068e47
1045,2024-07-18,Cosmic Horror Sticker Pack,Accessories,12.0,a95542a7-c340-48b9-bf4a-5f55f0e1db95
1046,2024-07-01,Viking Rune Keychain,Accessories,9.5,2bca399a-1d8d-4b44-8ef0-a4fad7e8fff3
1047,2024-08-24,Cosmic Horror Sticker Pack,Accessories,12.0,e834b49e-f7df-4347-9992-7cb76c8930e8
1048,2024-04-20,Enchanted Forest T-Shirt,Apparel,24.99,c399a408-fff9-4541-a4d8-ef4007878e8c
1049,2024-05-12,Dwarven Axe Coasters (Set of 4),Home Goods,19.99,75823012-4d7d-48c6-af77-080c71dac682
1050,2024-10-24,Cthulhu Silhouette Mug,Home Goods,15.99,6d0fc866-0f68-4ab2-9ef6-9f6a11cb94b5
1051,2024-03-20,Minimalist Dragon Hoodie,Apparel,45.5,9583f040-814e-40e8-8e20-e3be005bb3bb
1052,2024-08-27,Viking Rune Keychain,Accessories,9.5,0d9b3280-f86f-42af-8b24-b86a700d3f50
1053,2024-03-26,Enchanted Forest T-Shirt,Apparel,24.99,28d81581-bd70-43e4-810e-ddbcd01c7b55
1054,2024-02-22,Cthulhu Silhouette Mug,Home Goods,15.99,59b70dbd-60d6-4f57-815e-9283ae81c83f
1055,2024-11-06,'Code & Coffee' Tee,Apparel,22.99,e8702fda-347c-4d6f-a2f6-ab877f77c60f
1056,2024-01-04,Viking Rune Keychain,Accessories,9.5,eed9af03-8a20-493c-9a3a-d271762cd5f6
1057,2024-01-17,Enchanted Forest T-Shirt,Apparel,24.99,ba87aeb3-029a-4776-b3d4-1af96a855ced
1058,2024-01-05,Mimic's Grin Throw Pillow,Home Goods,25.0,2d176337-6b8b-485c-9fbb-f61af73dbe5c
1059,2024-08-28,Viking Rune Keychain,Accessories,9.5,08f64179-b21a-4f7a-8e91-f8e11aab0f6d
1060,2024-09-22,Cthulhu Silhouette Mug,Home Goods,15.99,44115c75-86ad-4b75-82e0-9225b8cbe767
1061,2024-01-18,Enchanted Forest T-Shirt,Apparel,24.99,935267d1-e69f-4588-9cc5-fd0095f10d01
1062,2024-12-16,Enchanted Forest T-Shirt,Apparel,24.99,7b644373-8e0a-4659-95f2-d4a1efa77350
1063,2024-06-04,Viking Rune Keychain,Accessories,9.5,59dbba6e-7ef3-482e-a009-9a2887230f18
1064,2024-06-16,Viking Rune Keychain,Accessories,9.5,3e73dd08-f390-4ee3-88ee-9f96a71aafe1
1065,2024-05-07,Minimalist Dragon Hoodie,Apparel,45.5,68329104-0d71-4c0b-87ae-978026fda51b
1066,2024-07-27,Mimic's Grin Throw Pillow,Home Goods,25.0,b6804447-c32c-4e20-baa5-bbd483a28689
1067,2024-12-27,Viking Rune Keychain,Accessories,9.5,df82d45e-94fc-4a48-b0b9-6115de8188a5
1068,2024-01-26,Dwarven Axe Coasters (Set of 4),Home Goods,19.99,50adf49c-0900-4b5b-b501-91881a21d250
1069,2024-11-03,Enchanted Forest T-Shirt,Apparel,24.99,65aebd80-efed-4f91-9650-cffb0809d9a7
1070,2024-01-01,Elven Leaf Art Print,Home Goods,32.0,af455cfc-0283-4322-a90a-c9ace9cd6a2b
1071,2024-11-09,Minimalist Dragon Hoodie,Apparel,45.5,a3e8fbd7-6b6a-4c79-a86b-ce0b1bec8953
1072,2024-03-27,Dwarven Axe Coasters (Set of 4),Home Goods,19.99,51386477-338c-45cd-a605-51a935647bcd
1073,2024-02-11,Dwarven Axe Coasters (Set of 4),Home Goods,19.99,cb4353cf-5bce-433e-8572-e6ba9ee01a8b
1074,2024-07-29,Mimic's Grin Throw Pillow,Home Goods,25.0,b38fcc91-9985-4ab5-81c5-e9059e417345
1075,2024-02-13,'Code & Coffee' Tee,Apparel,22.99,46d2e19b-7e8f-419f-8809-cc699a846f58
1076,2024-03-25,Cosmic Horror Sticker Pack,Accessories,12.0,bf7f0637-6794-416a-8886-905f06826f3f
1077,2024-10-07,Cosmic Horror Sticker Pack,Accessories,12.0,70919f6e-f709-4767-8ebf-53352efeef57
1078,2024-12-21,Cthulhu Silhouette Mug,Home Goods,15.99,6174780b-a26a-454c-aa4b-309950351d0b
1079,2024-07-22,Dwarven Axe Coasters (Set of 4),Home Goods,19.99,4b815b9c-9065-44b7-a4fb-fdb1d2ee02c6
1080,2024-02-25,Cosmic Horror Sticker Pack,Accessories,12.0,814dabbb-d439-4d4d-aa26-adc99afbbb9d
1081,2024-07-27,Enchanted Forest T-Shirt,Apparel,24.99,27855ce6-28eb-421a-80b2-9f9f6f500054
1082,2024-09-28,Viking Rune Keychain,Accessories,9.5,1705218a-2e9b-4766-9652-1ad22b6206a1
1083,2024-12-08,Enchanted Forest T-Shirt,Apparel,24.99,34f4e812-5d3f-473d-8ef8-dbbe9d3c022a
1084,2024-10-29,RPG Class Symbol Enamel Pin,Accessories,10.0,f46bd88e-8333-4a73-abb7-e239c409d54b
1085,2024-11-15,Enchanted Forest T-Shirt,Apparel,24.99,f78d6fdd-cbcc-437b-965c-57388dd91b53
1086,2024-01-18,Dwarven Axe Coasters (Set of 4),Home Goods,19.99,ff74cd6d-a47d-4286-95c9-f1c614ba8d75
1087,2024-03-12,RPG Class Symbol Enamel Pin,Accessories,10.0,e621471a-1c31-436f-aa40-ee92fb73bc3f
1088,2024-12-01,Cthulhu Silhouette Mug,Home Goods,15.99,d96d0826-b96d-45ca-bb3c-f022c31da3dc
1089,2024-03-07,Enchanted Forest T-Shirt,Apparel,24.99,e770c47a-2751-43f5-ab78-16e31bf18589
1090,2024-11-06,Cthulhu Silhouette Mug,Home Goods,15.99,91cd640b-1933-4411-89c2-4722378be19d
1091,2024-04-01,Viking Rune Keychain,Accessories,9.5,d5365002-c392-4efc-a25b-8281c3cb00a0
1092,2024-08-26,Sorcerer's Hat Embroidered Cap,Apparel,28.0,55feb201-8a85-4896-a99f-056be6fdc976
1093,2024-02-02,Enchanted Forest T-Shirt,Apparel,24.99,4a3b82cd-2e13-4f5d-ab55-f7f5e68fc701
1094,2024-02-20,Enchanted Forest T-Shirt,Apparel,24.99,448432c2-116a-4728-bf9c-1f39c06a1d44
1095,2024-10-15,Sorcerer's Hat Embroidered Cap,Apparel,28.0,95cfa454-f26c-4faf-a4fb-67daeb3622f8
1096,2024-06-29,Viking Rune Keychain,Accessories,9.5,d597adef-4014-43b9-82ae-1378de96f933
1097,2024-12-20,Minimalist Dragon Hoodie,Apparel,45.5,ab7a8054-0aae-41b0-bb0e-dba0cb4cbe6e
1098,2024-10-30,Enchanted Forest T-Shirt,Apparel,24.99,d2364e73-378c-40b8-a4ce-0f825b2f3aff
1099,2024-05-18,Dwarven Axe Coasters (Set of 4),Home Goods,19.99,778dade4-e098-41fa-a73d-36b40540f3dd
1100,2024-01-09,Mimic's Grin Throw Pillow,Home Goods,25.0,699de363-cc53-416d-83fc-659eb2f92c6d
1101,2024-05-22,Viking Rune Keychain,Accessories,9.5,93444184-2918-46a4-9e1a-1e94988d5d87
1102,2024-09-12,'Code & Coffee' Tee,Apparel,22.99,5fe6832a-e0f2-4590-8ec5-3b201a524f01
1103,2024-04-07,Cthulhu Silhouette Mug,Home Goods,15.99,7a7a000e-dd3f-46f6-af2d-62d947119e71
1104,2024-10-22,Enchanted Forest T-Shirt,Apparel,24.99,1c79e9dd-b3b6-4bdc-a313-e4d9e22a40e3
1105,2024-04-04,Minimalist Dragon Hoodie,Apparel,45.5,efbea497-6f19-4374-82d9-67d2f9364ee0
1106,2024-09-21,'Code & Coffee' Tee,Apparel,22.99,fb2f75b2-d49d-4943-b6ae-d20b87843e87
1107,2024-12-08,Sorcerer's Hat Embroidered Cap,Apparel,28.0,7557a7f2-faf0-4616-a639-dbdc9cce5136
1108,2024-01-27,Cthulhu Silhouette Mug,Home Goods,15.99,86582398-9483-4e1f-b392-e0786527ce16
1109,2024-02-03,Cosmic Horror Sticker Pack,Accessories,12.0,510161ab-7c5d-4000-bde4-298ed7ebd827
1110,2024-10-25,Cosmic Horror Sticker Pack,Accessories,12.0,1f1cf1fd-c080-4f7c-b8c3-2b67f537d33f
1111,2024-10-14,Elven Leaf Art Print,Home Goods,32.0,5dadb53b-e252-45ef-b29b-2c3d0c4658d9
1112,2024-08-17,Minimalist Dragon Hoodie,Apparel,45.5,521c64ea-0c6a-45f6-8754-a2cc19555a1d
1113,2024-09-12,Cthulhu Silhouette Mug,Home Goods,15.99,a5f5e905-f709-484e-8a95-aa803b4fa17e
1114,2024-04-22,Elven Leaf Art Print,Home Goods,32.0,0e9b4456-de2b-4e4f-8f08-21c99d3efdd2
1115,2024-11-20,Viking Rune Keychain,Accessories,9.5,aee5a79e-1dec-4ae8-ab18-b36d0a94f8db
1116,2024-10-29,Minimalist Dragon Hoodie,Apparel,45.5,86e4a2eb-537d-4286-a90c-a193897a26ca
1117,2024-04-29,Elven Leaf Art Print,Home Goods,32.0,67a148de-9fe0-4423-a953-f80a9640b807
1118,2024-03-30,Cthulhu Silhouette Mug,Home Goods,15.99,e45fec0b-3a9a-4279-bcbe-8769530c6c63
1119,2024-08-05,Enchanted Forest T-Shirt,Apparel,24.99,b7b202e7-811a-49af-baf4-2572417c4e71
1120,2024-10-16,Developer Joke Sticker,Accessories,3.5,b698c6ba-3747-487d-a5bc-2dd2f55233d6
1121,2024-03-06,Mimic's Grin Throw Pillow,Home Goods,25.0,2ceba568-18ee-4cd4-bfa8-02c41b2c18f9
1122,2024-10-08,'Code & Coffee' Tee,Apparel,22.99,3f73c6eb-e5e8-4018-8c58-f208b8e728f0
1123,2024-04-21,Minimalist Dragon Hoodie,Apparel,45.5,3fff6daf-5ba7-44d5-8115-dbc2417476b0
1124,2024-01-13,Cthulhu Silhouette Mug,Home Goods,15.99,01cc994a-3617-40fe-880c-ca165b23366c
1125,2024-12-07,Dwarven Axe Coasters (Set of 4),Home Goods,19.99,8c2bd016-88f9-4696-ac20-b3bcd72e2e03
1126,2024-12-19,Dwarven Axe Coasters (Set of 4),Home Goods,19.99,f30bb802-bccd-444d-8d84-1b5bba15e923
1127,2024-09-10,'Code & Coffee' Tee,Apparel,22.99,d31704d3-4d4a-4937-b880-80d98504ea7d
1128,2024-11-23,'Code & Coffee' Tee,Apparel,22.99,5d2e7faa-c16d-4cae-8273-13c5c904fcbc
1129,2024-02-23,Sorcerer's Hat Embroidered Cap,Apparel,28.0,98415b90-9c9d-4e23-b0c6-d014e5298543
1130,2024-08-19,Cthulhu Silhouette Mug,Home Goods,15.99,b2494757-16bb-40c6-a6d2-1e46a224aa7e
1131,2024-07-05,Enchanted Forest T-Shirt,Apparel,24.99,f470fc1f-5ce9-4059-a48d-d0d60029ea00
1132,2024-12-28,Sorcerer's Hat Embroidered Cap,Apparel,28.0,e115e794-4979-46f6-b7da-96d373c07273
1133,2024-07-14,Sorcerer's Hat Embroidered Cap,Apparel,28.0,b9e5e1c6-aec5-4f5e-9e5e-5fb0257c91a0
1134,2024-06-11,Cthulhu Silhouette Mug,Home Goods,15.99,68b4990a-53d5-4b1d-9cd8-b5715fa55f29
1135,2024-12-09,Elven Leaf Art Print,Home Goods,32.0,74a21ba2-331d-446c-a756-4d212f629b47
1136,2024-04-21,Enchanted Forest T-Shirt,Apparel,24.99,0e590e9b-8266-4d73-b7b0-7ef06cb69a2d
1137,2024-04-01,Cthulhu Silhouette Mug,Home Goods,15.99,2222a589-a97b-42e5-960d-59c415d724de
1138,2024-08-09,Cosmic Horror Sticker Pack,Accessories,12.0,2b729598-4e1f-453a-af67-87045d47e063
1139,2024-11-01,'Code & Coffee' Tee,Apparel,22.99,6d5aa545-8263-4889-83ef-daff858868da
1140,2024-03-28,Enchanted Forest T-Shirt,Apparel,24.99,8fcac38a-70c6-4a5a-938b-5257fec90dfb
1141,2024-08-22,Cthulhu Silhouette Mug,Home Goods,15.99,44c68ee0-2f8b-4f5d-ad52-bb698a9a71f5
1142,2024-06-21,Minimalist Dragon Hoodie,Apparel,45.5,5585d350-7dbe-42a9-a009-597f6f092a58
1143,2024-05-08,'Code & Coffee' Tee,Apparel,22.99,fff7e3c2-494a-4b46-bfad-00e885a2c2e8
1144,2024-11-07,Cthulhu Silhouette Mug,Home Goods,15.99,1c88862c-bdcf-4730-b8fa-d2b47ef20b2b
1145,2024-11-24,Mimic's Grin Throw Pillow,Home Goods,25.0,3b3ceb95-f14f-477d-8cbb-c37cc3b1b025
1146,2024-02-06,Mimic's Grin Throw Pillow,Home Goods,25.0,81d30cd8-4de7-4963-9ce8-4ac6afed7a32
1147,2024-07-11,Enchanted Forest T-Shirt,Apparel,24.99,183355e8-fc78-401c-9850-129bdbf3ad66
1148,2024-02-25,'Code & Coffee' Tee,Apparel,22.99,27deae8a-a2a5-47d2-b0d8-3a528b785d84
1149,2024-04-29,Cthulhu Silhouette Mug,Home Goods,15.99,9d731057-b5e4-4270-a09b-e3be09672b95
1150,2024-08-04,'Code & Coffee' Tee,Apparel,22.99,ccbdd5ad-dd9b-4402-855e-084a25b25cea
1151,2024-04-21,RPG Class Symbol Enamel Pin,Accessories,10.0,625e90c2-7a0b-458a-90f7-24b41c868aa8
1152,2024-11-18,Mimic's Grin Throw Pillow,Home Goods,25.0,c5454a12-3395-4c79-a80b-c16754115b1b
1153,2024-03-23,Enchanted Forest T-Shirt,Apparel,24.99,c049c508-d09c-45be-b335-3592db7c4bd0
1154,2024-12-02,Cosmic Horror Sticker Pack,Accessories,12.0,53b58720-f233-472c-a0b2-fdcd1d5d64d5
1155,2024-01-30,Developer Joke Sticker,Accessories,3.5,8e413310-558f-4651-aa1a-94bfc71dcb3a
1156,2024-10-11,Cthulhu Silhouette Mug,Home Goods,15.99,799c45d1-aa82-47ac-8719-57c8363d60db
1157,2024-11-21,Enchanted Forest T-Shirt,Apparel,24.99,1a180561-4752-4bf4-82c2-a71845d30c6a
1158,2024-05-30,Dwarven Axe Coasters (Set of 4),Home Goods,19.99,12ad0fdd-26fc-4218-b47c-d20c46593358
1159,2024-02-29,Viking Rune Keychain,Accessories,9.5,5e9352ab-b38a-41dc-8b8b-8222a3979603
1160,2024-08-13,Mimic's Grin Throw Pillow,Home Goods,25.0,4663ac1a-1975-4298-9a85-39f7e42ffbf4
1161,2024-06-23,Dwarven Axe Coasters (Set of 4),Home Goods,19.99,4dbffadd-20fc-4fd7-87f3-45a1b9095578
1162,2024-04-26,Dwarven Axe Coasters (Set of 4),Home Goods,19.99,ed3f09d2-8736-419d-bb0e-38296c50507f
1163,2024-09-19,Enchanted Forest T-Shirt,Apparel,24.99,692bc070-a761-4d97-b17d-71525a2271bb
1164,2024-07-30,Enchanted Forest T-Shirt,Apparel,24.99,d390d1c0-dbf5-4fe0-83d5-e9aa6ba2fc4f
1165,2024-06-29,Viking Rune Keychain,Accessories,9.5,5fbd9c16-1503-409b-966f-95a01d54c83c
1166,2024-12-09,Minimalist Dragon Hoodie,Apparel,45.5,655ed5ab-4176-480d-b3c3-3c7ce52342b6
1167,2024-09-11,Enchanted Forest T-Shirt,Apparel,24.99,953aeb1e-6da0-4acd-9750-e1d3fc71a77c
1168,2024-06-18,Cosmic Horror Sticker Pack,Accessories,12.0,96309a35-d7fa-432e-a512-1167a7607fb1
1169,2024-04-25,'Code & Coffee' Tee,Apparel,22.99,d4e9acaf-2aaa-48ca-be51-8de78a03fda5
1170,2024-08-06,Cthulhu Silhouette Mug,Home Goods,15.99,731e11a8-f3f1-40d3-84e8-1c9fbc35cab8
1171,2024-03-01,'Code & Coffee' Tee,Apparel,22.99,d9439fe2-71b3-4b8b-9f11-d0283ba94548
1172,2024-01-31,Sorcerer's Hat Embroidered Cap,Apparel,28.0,254030b4-859a-4530-9ec4-6244171fcbeb
1173,2024-06-29,Cosmic Horror Sticker Pack,Accessories,12.0,ca7c2544-2ec9-4bd5-8c2c-0cd0b1564b90
1174,2024-01-05,'Code & Coffee' Tee,Apparel,22.99,871ee517-46aa-4b51-81d5-fd56463bcb76
1175,2024-07-04,Cthulhu Silhouette Mug,Home Goods,15.99,84a0a68e-3913-4c36-b026-4d4b1786a361
1176,2024-11-18,Viking Rune Keychain,Accessories,9.5,23d088c5-3d90-4fc9-baac-76a99c76b0f2
1177,2024-12-27,Enchanted Forest T-Shirt,Apparel,24.99,797be518-61e4-4ee8-b91f-d587a8750bf6
1178,2024-03-12,Sorcerer's Hat Embroidered Cap,Apparel,28.0,928b4b38-2f0b-4ba5-9a2b-4237e79ca094
1179,2024-10-07,'Code & Coffee' Tee,Apparel,22.99,d3fc8ec8-39de-495b-9997-8a44d6c852d4
1180,2024-02-16,Minimalist Dragon Hoodie,Apparel,45.5,29edcefa-b162-4e01-9e08-09b5052b8f45
1181,2024-04-23,Dwarven Axe Coasters (Set of 4),Home Goods,19.99,1c223ae1-82d1-45ed-8b86-d76346f32838
1182,2024-10-19,Sorcerer's Hat Embroidered Cap,Apparel,28.0,12550cba-1854-44d9-896c-14cf1995ac05
1183,2024-05-07,Cthulhu Silhouette Mug,Home Goods,15.99,ebe32238-d973-4f29-9f98-c86b914cbfa1
1184,2024-11-04,Enchanted Forest T-Shirt,Apparel,24.99,9f105116-d0bf-44f5-8d88-01f9c5a6642f
1185,2024-07-14,Cosmic Horror Sticker Pack,Accessories,12.0,3115570e-1dc5-4fe8-b3e2-f4d1c928aa92
1186,2024-10-19,Elven Leaf Art Print,Home Goods,32.0,ac8e970d-2619-4a47-a35b-fb65d6e2bc97
1187,2024-11-28,Cosmic Horror Sticker Pack,Accessories,12.0,5da0376e-bf95-48b0-8aa7-59aaa65b4488
1188,2024-04-27,Sorcerer's Hat Embroidered Cap,Apparel,28.0,57a8e6a2-99e9-4ae8-a7d3-adb07c66240f
1189,2024-03-24,Elven Leaf Art Print,Home Goods,32.0,a826ac25-82d2-4dbc-987e-fd37570599ac
1190,2024-07-26,'Code & Coffee' Tee,Apparel,22.99,3f9fa9b2-69a7-4a71-aa52-929b21ab3bcd
1191,2024-09-04,Cthulhu Silhouette Mug,Home Goods,15.99,8ad5f78e-8f67-4f75-bf18-f73841cb8d72
1192,2024-05-12,'Code & Coffee' Tee,Apparel,22.99,3180c8a8-399d-41e0-b4ed-a127ff2dbc32
1193,2024-08-04,Cthulhu Silhouette Mug,Home Goods,15.99,086b0ace-0ffd-435e-8101-0765a02abb7f
1194,2024-08-15,Cthulhu Silhouette Mug,Home Goods,15.99,85d62bfc-74a9-4819-83cb-5dfdac232ae0
1195,2024-10-15,Minimalist Dragon Hoodie,Apparel,45.5,1bb24663-325b-4d1b-8d56-50a38f72d1a1
1196,2024-01-16,Cthulhu Silhouette Mug,Home Goods,15.99,6ddbc688-e1c0-4c5d-9617-bc35cacba069
1197,2024-08-18,Minimalist Dragon Hoodie,Apparel,45.5,deea7561-959b-45c9-8009-55ce33f1465e
1198,2024-07-10,RPG Class Symbol Enamel Pin,Accessories,10.0,ab9ab28f-0542-4a70-97ac-0cf35c1aabc2
1199,2024-04-29,Cthulhu Silhouette Mug,Home Goods,15.99,7af290ff-ec8e-4aa9-b88b-b05140e566cf
1200,2024-03-10,Cthulhu Silhouette Mug,Home Goods,15.99,83045b89-bac7-4347-8991-18c1dec3221d
1201,2024-03-19,Dwarven Axe Coasters (Set of 4),Home Goods,19.99,d4f025f8-a6d3-450a-acda-da48e331208c
1202,2024-11-11,Elven Leaf Art Print,Home Goods,32.0,afdb9f5a-a7c6-4856-a1e2-0485ef3504f5
1203,2024-04-21,'Code & Coffee' Tee,Apparel,22.99,b38b098e-9d10-4d28-8229-7481e740b8cc
1204,2024-09-23,Cosmic Horror Sticker Pack,Accessories,12.0,5085ee48-5c31-4256-99f3-81e194de824a
1205,2024-12-04,Cthulhu Silhouette Mug,Home Goods,15.99,b7d408d3-824e-489e-b125-b2be10501a91
1206,2024-09-28,Viking Rune Keychain,Accessories,9.5,f0892c7b-62c2-4a20-847a-0aa3eb2788fa
1207,2024-10-15,Cthulhu Silhouette Mug,Home Goods,15.99,bb4b937b-f6c4-49a3-bb5f-dc67563b6108
1208,2024-02-11,Enchanted Forest T-Shirt,Apparel,24.99,3adee6c8-ecfd-4750-aa24-ef92fbb8aebf
1209,2024-11-20,Elven Leaf Art Print,Home Goods,32.0,a761e0d8-f44e-444b-8fb4-0c6433c421e2
1210,2024-09-24,Elven Leaf Art Print,Home Goods,32.0,a0bf068d-1424-49fb-aba8-6d0bb80f4b36
1211,2024-03-19,Enchanted Forest T-Shirt,Apparel,24.99,e7249a4a-4dfc-4bd1-958e-47b2bbba035b
1212,2024-05-18,Enchanted Forest T-Shirt,Apparel,24.99,9b6ef9a9-c3bf-423c-b798-1e0e62dae130
1213,2024-01-17,'Code & Coffee' Tee,Apparel,22.99,cb01aad7-2333-47f3-b3fc-cb52f26585d8
1214,2024-10-17,'Code & Coffee' Tee,Apparel,22.99,0e78213a-66da-47a1-87c5-c2475705f2da
1215,2024-09-09,'Code & Coffee' Tee,Apparel,22.99,6ccae177-c5d8-4feb-b6fb-efaeae1f4076
1216,2024-12-04,Cosmic Horror Sticker Pack,Accessories,12.0,80579edd-8595-4e92-bdb3-82bd796937dd
1217,2024-03-21,Enchanted Forest T-Shirt,Apparel,24.99,71f31a13-eb43-4790-a7e1-d2ea245e1250
1218,2024-04-28,Enchanted Forest T-Shirt,Apparel,24.99,fc7fd71c-bff0-4552-8a05-03440e009f3a
1219,2024-08-22,Mimic's Grin Throw Pillow,Home Goods,25.0,f3c9e45b-d97c-46ce-98bb-d937c662eee7
1220,2024-11-04,Viking Rune Keychain,Accessories,9.5,4a50de28-a697-4fd5-b657-445078815cbb
1221,2024-05-07,Cthulhu Silhouette Mug,Home Goods,15.99,64aa687a-b9bc-4b86-9285-b29e9a6d4178
1222,2024-08-27,Sorcerer's Hat Embroidered Cap,Apparel,28.0,2158cd6a-d919-45c5-9168-837d1397e669
1223,2024-03-21,Enchanted Forest T-Shirt,Apparel,24.99,06f292f9-59c5-439b-89c8-cd1073d9de27
1224,2024-04-17,Cthulhu Silhouette Mug,Home Goods,15.99,bee80808-3639-4e45-9d4e-febb13ca3e91
1225,2024-05-01,Mimic's Grin Throw Pillow,Home Goods,25.0,0e6eb5db-f427-4805-80fb-211216c6a42c
1226,2024-01-12,Viking Rune Keychain,Accessories,9.5,2e4e14bb-6f42-4093-b1b4-8a051f8a60af
1227,2024-08-18,Elven Leaf Art Print,Home Goods,32.0,3c3e5ae7-01c3-4dc9-ac23-a9ffbe79dc73
1228,2024-05-10,RPG Class Symbol Enamel Pin,Accessories,10.0,99a64f55-164c-4d34-b9a9-a9d34996acd4
1229,2024-12-23,RPG Class Symbol Enamel Pin,Accessories,10.0,d8d43b93-ab2c-4660-a873-98a5eebc5429
1230,2024-11-30,Cthulhu Silhouette Mug,Home Goods,15.99,1cd07039-8447-4a73-b014-8f0806f19fdd
1231,2024-12-05,Minimalist Dragon Hoodie,Apparel,45.5,e4a7786f-299e-4f60-80fd-25939dbb05b8
1232,2024-08-28,Enchanted Forest T-Shirt,Apparel,24.99,1b89db79-0032-4e17-ab2d-b077ba800b5d
1233,2024-08-12,Cthulhu Silhouette Mug,Home Goods,15.99,9ebb160f-36f0-4ca8-bbb8-4f1867881064
1234,2024-02-13,'Code & Coffee' Tee,Apparel,22.99,da768990-7003-47a4-a5b1-01dfce7f90d3
1235,2024-02-20,'Code & Coffee' Tee,Apparel,22.99,92d030ca-75cb-4e1f-b970-27ec6b1060b7
1236,2024-01-29,Minimalist Dragon Hoodie,Apparel,45.5,6f262d4f-40df-42bd-8aa0-b9654b24b548
1237,2024-08-11,Minimalist Dragon Hoodie,Apparel,45.5,754bcbe3-33f1-4677-a68d-6fea7900fe27
1238,2024-08-11,Cosmic Horror Sticker Pack,Accessories,12.0,c88d26f8-a96f-401e-8626-b2b073649778
1239,2024-04-11,Enchanted Forest T-Shirt,Apparel,24.99,daffba60-6646-4ae9-a117-8630a52a5bde
1240,2024-02-21,Mimic's Grin Throw Pillow,Home Goods,25.0,e2c60dec-295b-455c-a6a2-5d0b84cc2fd4
1241,2024-11-20,Dwarven Axe Coasters (Set of 4),Home Goods,19.99,0b83ead5-f48b-4f6f-9969-5e446240dfd5
1242,2024-08-21,Cosmic Horror Sticker Pack,Accessories,12.0,1b0c8314-d1a3-4a7b-bced-ee2e250b2631
1243,2024-02-09,Cthulhu Silhouette Mug,Home Goods,15.99,df3e22d5-96f0-425b-92ee-c0c2ea9c66dc
1244,2024-06-06,Viking Rune Keychain,Accessories,9.5,49a39584-de96-4094-951d-3b9a6abdf2d3
1245,2024-11-11,Enchanted Forest T-Shirt,Apparel,24.99,5e27501b-67cc-48a1-adc4-87fa58ef4468
1246,2024-11-08,Developer Joke Sticker,Accessories,3.5,e81d5040-5043-4b49-b769-81f548dc6a7f
1247,2024-05-09,Cosmic Horror Sticker Pack,Accessories,12.0,5c3ab763-5b5a-46ad-ba5f-d0ca7a1fbb0a
1248,2024-10-13,Viking Rune Keychain,Accessories,9.5,02a05480-e850-4459-847a-9d691ccbf403
1249,2024-09-13,Cthulhu Silhouette Mug,Home Goods,15.99,34d8dd6c-a2fa-41de-bb10-ef6f237d1a53
1250,2024-01-13,Enchanted Forest T-Shirt,Apparel,24.99,5b27367b-5d41-46b5-9123-04997e25c00a
1251,2024-01-24,Cthulhu Silhouette Mug,Home Goods,15.99,e6f6890b-bac0-4d6a-941d-39e7f68a1b96
1252,2024-07-05,Enchanted Forest T-Shirt,Apparel,24.99,6c62c2dd-e2ab-44e0-8ceb-5b203be51026
1253,2024-10-19,Mimic's Grin Throw Pillow,Home Goods,25.0,ae7e2f6e-8c2b-4e78-aae4-ee90ceef7d33
1254,2024-02-22,Dwarven Axe Coasters (Set of 4),Home Goods,19.99,3f3c1e44-3416-4f21-bd33-c58e275da64a
1255,2024-03-19,Enchanted Forest T-Shirt,Apparel,24.99,2b623dce-23ba-4c0d-8711-c30a8f6cf1be
1256,2024-10-21,RPG Class Symbol Enamel Pin,Accessories,10.0,78a6df56-4c98-45ae-9b13-aa32d875f29e
1257,2024-11-10,Mimic's Grin Throw Pillow,Home Goods,25.0,19a77fa3-69ab-46c8-a921-a14f5fc5b014
1258,2024-02-08,Cthulhu Silhouette Mug,Home Goods,15.99,c72d5120-c858-4932-9ab6-308c2b9e6391
1259,2024-12-17,Enchanted Forest T-Shirt,Apparel,24.99,c0dfb55f-efc7-415c-b7f5-b0c6f0bd2592
1260,2024-06-01,Dwarven Axe Coasters (Set of 4),Home Goods,19.99,a4fcbf54-6eed-4976-8ff8-5303090fb506
1261,2024-09-01,'Code & Coffee' Tee,Apparel,22.99,41468dae-346b-4186-aaf3-8f3f8619b9e0
1262,2024-01-07,Enchanted Forest T-Shirt,Apparel,24.99,28c1a241-b5c5-41ab-909c-7e5162f0899b
1263,2024-10-20,Viking Rune Keychain,Accessories,9.5,22da3716-c6e9-4570-a55f-8a5b8112d650
1264,2024-12-21,Minimalist Dragon Hoodie,Apparel,45.5,e0d20bcb-15b1-4d0b-8c4a-af5fe41988f8
1265,2024-10-20,Enchanted Forest T-Shirt,Apparel,24.99,a73e3a2c-b32e-4681-8a0b-b1efa12c0ea2
1266,2024-04-15,Cthulhu Silhouette Mug,Home Goods,15.99,fb19d35e-f09b-42bb-9e8e-811ced08d3a0
1267,2024-08-07,Enchanted Forest T-Shirt,Apparel,24.99,380a9d93-cb4d-4959-af64-e81f6b09e9ae
1268,2024-11-21,Enchanted Forest T-Shirt,Apparel,24.99,52f673ad-66b4-4e11-9240-8648ec185c1b
1269,2024-09-05,Cthulhu Silhouette Mug,Home Goods,15.99,41fa1478-3f3f-49c8-b79d-01bb38e1e082
1270,2024-04-09,Elven Leaf Art Print,Home Goods,32.0,ffaf6d06-d877-44bb-9722-f21c89bf314e
1271,2024-05-23,'Code & Coffee' Tee,Apparel,22.99,6e1f573c-71ee-4445-8242-048e349c17cd
1272,2024-05-05,Enchanted Forest T-Shirt,Apparel,24.99,d30e164f-6e43-41b5-a06a-11eb5263c760
1273,2024-06-05,Enchanted Forest T-Shirt,Apparel,24.99,c3f23feb-85d2-4aa7-979e-2a7430789029
1274,2024-12-27,Viking Rune Keychain,Accessories,9.5,2de5b154-5ffe-4b57-8866-09bfebc27908
1275,2024-11-28,Elven Leaf Art Print,Home Goods,32.0,03ae2d1c-0b74-4d9b-bb40-c583b21c5965
1276,2024-12-02,Viking Rune Keychain,Accessories,9.5,cbcea6b8-2a25-47e7-aa6e-29dc3a48d695
1277,2024-04-10,Enchanted Forest T-Shirt,Apparel,24.99,74213c86-4dcb-4c67-b713-17035d57dcce
1278,2024-02-03,Viking Rune Keychain,Accessories,9.5,df8b2a11-6063-455a-b022-1dd0054b4f2b
1279,2024-07-19,RPG Class Symbol Enamel Pin,Accessories,10.0,7e66b153-c5a4-4434-a857-9588852eff26
1280,2024-08-03,Cthulhu Silhouette Mug,Home Goods,15.99,45e756fe-c9bd-44bf-a930-8ddb59e1a850
1281,2024-06-14,Dwarven Axe Coasters (Set of 4),Home Goods,19.99,5612eb03-c748-4aee-a14d-d9ccf249ac20
1282,2024-04-24,Dwarven Axe Coasters (Set of 4),Home Goods,19.99,56a88f30-13ec-4592-9f2e-72f8f7e0d900
1283,2024-01-04,Cthulhu Silhouette Mug,Home Goods,15.99,2d7357c6-ca00-4023-b0fb-b646c76d09c6
1284,2024-11-13,Mimic's Grin Throw Pillow,Home Goods,25.0,b7306d39-6884-46b0-ab7a-dc5db2864bba
1285,2024-02-09,Cthulhu Silhouette Mug,Home Goods,15.99,e6e30a85-d433-47b9-9886-4e4dbdf632df
1286,2024-05-04,Enchanted Forest T-Shirt,Apparel,24.99,a208962f-b2cb-45b6-8bd9-7ce9bfe6c239
1287,2024-10-26,Developer Joke Sticker,Accessories,3.5,f9292b1d-0280-47ec-904b-4c015ed2f84a
1288,2024-02-11,Enchanted Forest T-Shirt,Apparel,24.99,25797d1c-c2ac-4f0c-8a12-05d7b034c03a
1289,2024-04-06,Minimalist Dragon Hoodie,Apparel,45.5,c470acfa-322c-4b0f-bbb6-ce08fe567db3
1290,2024-10-30,Cthulhu Silhouette Mug,Home Goods,15.99,a294132f-b70f-4178-92af-2f0225ad007e
1291,2024-05-27,Cthulhu Silhouette Mug,Home Goods,15.99,f8e344cb-0f40-4a51-9840-3c6885bf1ea6
1292,2024-09-11,Cthulhu Silhouette Mug,Home Goods,15.99,55b8bfb3-9978-40af-bfa5-9fb8f5b55053
1293,2024-10-29,Cosmic Horror Sticker Pack,Accessories,12.0,82c0a287-d385-44a7-94ac-273cf3ed10d5
1294,2024-10-22,Cthulhu Silhouette Mug,Home Goods,15.99,5786d69c-5b51-4ec7-8c5b-4f8354b9b849
1295,2024-09-14,Minimalist Dragon Hoodie,Apparel,45.5,0b56d925-5b49-4c89-857f-6e1ba16a6f61
1296,2024-05-20,Viking Rune Keychain,Accessories,9.5,05d287b3-2039-4da4-86fd-2132ac672376
1297,2024-06-07,Cosmic Horror Sticker Pack,Accessories,12.0,502ffa4a-e823-44fd-a97b-1acbe3b62910
1298,2024-08-03,Dwarven Axe Coasters (Set of 4),Home Goods,19.99,35cde689-4af2-4098-a097-cd0b24ff4996
1299,2024-11-25,Cthulhu Silhouette Mug,Home Goods,15.99,6f9f9d5e-dd87-4420-8a81-65394961040c
1300,2024-07-02,Mimic's Grin Throw Pillow,Home Goods,25.0,d2650cc1-7613-4999-b44a-5b5da8ce75c6
1301,2024-10-05,Cosmic Horror Sticker Pack,Accessories,12.0,09be7dd1-6049-49d3-8fc2-d8d621bcfa1b
1302,2024-08-13,Cthulhu Silhouette Mug,Home Goods,15.99,bb642a95-6aea-4737-92f9-94612f0039fc
1303,2024-03-08,RPG Class Symbol Enamel Pin,Accessories,10.0,59f5d8dd-7632-4270-9b35-869586b7734c
1304,2024-01-29,Enchanted Forest T-Shirt,Apparel,24.99,8754e24b-3d60-41cb-bf46-e4d7c2a5398f
1305,2024-03-06,Elven Leaf Art Print,Home Goods,32.0,2dd287f2-37c1-429d-bf27-8b091ab13317
1306,2024-12-01,Cthulhu Silhouette Mug,Home Goods,15.99,ff733392-2351-4e06-a6be-107d14bf7803
1307,2024-10-27,Cosmic Horror Sticker Pack,Accessories,12.0,8acd8648-4820-4699-a669-00b2276f4c47
1308,2024-11-16,Cthulhu Silhouette Mug,Home Goods,15.99,458f85b2-1c81-4fbe-8980-99bddbb3aefe
1309,2024-02-11,Dwarven Axe Coasters (Set of 4),Home Goods,19.99,bf21b001-1da5-45e8-a4f1-a9fa382eaf7e
1310,2024-01-30,'Code & Coffee' Tee,Apparel,22.99,bb53b43e-fda5-433e-8ea0-e30a5e25d110
1311,2024-04-12,Enchanted Forest T-Shirt,Apparel,24.99,9afac238-fa2c-4740-bb15-b9f8288093be
1312,2024-01-27,Viking Rune Keychain,Accessories,9.5,4e531c18-f3cb-4bbf-b2f7-32917bcc4eba
1313,2024-09-02,Enchanted Forest T-Shirt,Apparel,24.99,3b9809e4-0dc3-4a3c-ae8b-983ad7eabad8
1314,2024-06-26,RPG Class Symbol Enamel Pin,Accessories,10.0,2a868524-8429-45b2-9eb6-671c63ee6dfc
1315,2024-02-04,Dwarven Axe Coasters (Set of 4),Home Goods,19.99,cc7fd61d-633a-4e2b-83c5-1d83737c2fd7
1316,2024-02-06,Enchanted Forest T-Shirt,Apparel,24.99,9742b6c1-b2ab-42ca-8adb-2670286fa842
1317,2024-10-25,Minimalist Dragon Hoodie,Apparel,45.5,20e41863-2ced-4509-82b3-b995a984c5f2
1318,2024-04-08,Cthulhu Silhouette Mug,Home Goods,15.99,0dba1859-697c-4bae-b274-3c29f11b6779
1319,2024-09-03,Enchanted Forest T-Shirt,Apparel,24.99,ba1aa201-3635-4128-ad14-3c78d7b64514
1320,2024-09-30,Enchanted Forest T-Shirt,Apparel,24.99,ff0e4480-b123-487a-a4b3-a161d345ebfb
1321,2024-12-10,Cthulhu Silhouette Mug,Home Goods,15.99,b15acac0-8e9d-4cad-bac4-98fbd3895c72
1322,2024-11-30,Minimalist Dragon Hoodie,Apparel,45.5,ca1a0e54-f089-41f6-9f0b-25a094532f3f
1323,2024-04-27,Cthulhu Silhouette Mug,Home Goods,15.99,71b1fc74-16a5-4e50-ac5a-8c19914fe12f
1324,2024-02-03,Cosmic Horror Sticker Pack,Accessories,12.0,98b2c7e3-f38b-49a6-a404-c5e3b037eb1a
1325,2024-12-10,Cthulhu Silhouette Mug,Home Goods,15.99,0be653d9-9f8d-4979-a151-1ed859144964
1326,2024-03-30,Enchanted Forest T-Shirt,Apparel,24.99,3109d232-51ae-4f1a-b61b-b11fbcca4cfc
1327,2024-01-04,Enchanted Forest T-Shirt,Apparel,24.99,903f05ba-844f-4eee-9a47-4e040f34a3a6
1328,2024-08-02,'Code & Coffee' Tee,Apparel,22.99,01ee6468-2713-45c4-a7f6-1668868abf4f
1329,2024-12-09,'Code & Coffee' Tee,Apparel,22.99,5beb5bb1-22c3-4058-bf6e-b40dad8d84f6
1330,2024-01-30,Elven Leaf Art Print,Home Goods,32.0,c70ed432-b366-40ef-96e6-a29ec1817ceb
1331,2024-04-05,RPG Class Symbol Enamel Pin,Accessories,10.0,aa799802-e37b-4de9-9da3-ee79c7a5526e
1332,2024-07-08,Mimic's Grin Throw Pillow,Home Goods,25.0,f285f9da-827a-4131-8495-af758cdb21ad
1333,2024-03-22,Cthulhu Silhouette Mug,Home Goods,15.99,86e7da5b-9280-4cc8-a544-be7e3c6389bf
1334,2024-05-23,Mimic's Grin Throw Pillow,Home Goods,25.0,70e9ed39-958a-47a1-be30-04239bbbab37
1335,2024-12-30,Cosmic Horror Sticker Pack,Accessories,12.0,414028fa-149d-4d46-ac82-81bdf65be21e
1336,2024-05-23,'Code & Coffee' Tee,Apparel,22.99,6bbc8c4c-4717-4846-92b9-e49fa80c9f45
1337,2024-11-25,Cthulhu Silhouette Mug,Home Goods,15.99,063e8944-85c3-450a-b3c1-bcccd7ac5574
1338,2024-09-08,Cosmic Horror Sticker Pack,Accessories,12.0,298f0aab-f6fc-4ba6-875b-aa8cc4cee6e6
1339,2024-03-18,Viking Rune Keychain,Accessories,9.5,5e6f54a5-9274-472e-ac45-a6cb2e668565
1340,2024-05-19,Viking Rune Keychain,Accessories,9.5,c80c2d74-9c00-413a-8c34-d00aab5ba523
1341,2024-03-23,Enchanted Forest T-Shirt,Apparel,24.99,9ee3c204-d0f0-49ac-b550-01c9c0b667b3
1342,2024-09-30,Enchanted Forest T-Shirt,Apparel,24.99,801c3ec8-85d0-4097-a527-ca5ced681b66
1343,2024-06-05,'Code & Coffee' Tee,Apparel,22.99,5c26a0fc-4099-4f08-a2bb-8a097840ad4e
1344,2024-12-29,Sorcerer's Hat Embroidered Cap,Apparel,28.0,508d0762-27cd-4500-a5ad-69a7e994641d
1345,2024-03-02,'Code & Coffee' Tee,Apparel,22.99,9462b72d-b7cb-43a6-bd67-3e7a219f1aa0
1346,2024-10-21,Cosmic Horror Sticker Pack,Accessories,12.0,34ea8aaf-2495-47e0-9063-e79024f37957
1347,2024-08-11,'Code & Coffee' Tee,Apparel,22.99,442db37e-8592-4cb3-8f90-bd40cd64790f
1348,2024-10-07,Enchanted Forest T-Shirt,Apparel,24.99,738a906f-93bc-4931-9f7a-7d153919ff30
1349,2024-01-01,Enchanted Forest T-Shirt,Apparel,24.99,a4db28a5-e2a5-4657-bb01-3d6889a395a2
1350,2024-03-29,RPG Class Symbol Enamel Pin,Accessories,10.0,d0a5dd30-4581-4653-bb3a-4d982115185c
1351,2024-05-12,Mimic's Grin Throw Pillow,Home Goods,25.0,7554528a-9bae-4411-8b72-ae00711d04a9
1352,2024-12-10,Cthulhu Silhouette Mug,Home Goods,15.99,986276ef-7be3-433e-b6b0-84a11eead026
1353,2024-02-04,'Code & Coffee' Tee,Apparel,22.99,18287895-8dc4-4552-a52d-cd76fb4708f3
1354,2024-12-27,Enchanted Forest T-Shirt,Apparel,24.99,13e0c2aa-0b50-48e1-8938-112b3534881d
1355,2024-12-06,Cthulhu Silhouette Mug,Home Goods,15.99,fd363fc6-6fd1-42a6-a2c2-6798172c3b1c
1356,2024-02-04,Dwarven Axe Coasters (Set of 4),Home Goods,19.99,ecc32dac-2798-47b2-9ca4-e25ae9fd2cbd
1357,2024-08-07,Enchanted Forest T-Shirt,Apparel,24.99,87bfd54e-722c-4db1-8922-20c31b4d88ea
1358,2024-01-27,'Code & Coffee' Tee,Apparel,22.99,9112c6bf-55c2-4998-b0c4-09aa799cf67f
1359,2024-08-04,Cthulhu Silhouette Mug,Home Goods,15.99,7e6d6384-c320-4f32-9ad6-aa475632e2df
1360,2024-05-12,Cthulhu Silhouette Mug,Home Goods,15.99,c9ae354f-6095-43f1-ad7e-aa8e82d6c32a
1361,2024-06-11,Minimalist Dragon Hoodie,Apparel,45.5,de4922b9-9d60-4a9c-9b4b-604ee10cccb7
1362,2024-12-07,Mimic's Grin Throw Pillow,Home Goods,25.0,8dd410d3-a015-4da6-9804-ac24b9bdda31
1363,2024-05-26,Enchanted Forest T-Shirt,Apparel,24.99,6e10f739-4854-48cf-a5f0-0c6ea69dc52d
1364,2024-09-22,Dwarven Axe Coasters (Set of 4),Home Goods,19.99,02903fb6-aad2-42f9-93ba-82c17780f7cc
1365,2024-11-07,'Code & Coffee' Tee,Apparel,22.99,613bb3a8-b305-4c90-9528-c578a7e728e9
1366,2024-06-30,Elven Leaf Art Print,Home Goods,32.0,82c068fa-f384-4cf9-8bc1-aa88d51dce31
1367,2024-07-25,Cosmic Horror Sticker Pack,Accessories,12.0,1ab9573a-3581-468b-bc8f-2bea2bdbf77c
1368,2024-08-04,Enchanted Forest T-Shirt,Apparel,24.99,4e533a74-7fb3-4853-861f-0de5a17e0bdf
1369,2024-11-11,Sorcerer's Hat Embroidered Cap,Apparel,28.0,7c9bd200-6eac-4dec-80ad-f539e987cb92
1370,2024-09-11,Cthulhu Silhouette Mug,Home Goods,15.99,ecc872c4-7495-4275-8ffe-65317e24184a
1371,2024-05-31,'Code & Coffee' Tee,Apparel,22.99,e4a3df23-e7d7-4f5b-aac2-1c06d5e86d8a
1372,2024-12-02,Minimalist Dragon Hoodie,Apparel,45.5,f80c3570-3551-427b-a528-08ddd40d7f90
1373,2024-06-13,Viking Rune Keychain,Accessories,9.5,fcdab278-7462-44fe-a0b8-48eeda5da358
1374,2024-09-10,'Code & Coffee' Tee,Apparel,22.99,46528d9d-2eae-4a79-95e1-ead4d09064bf
1375,2024-12-02,Enchanted Forest T-Shirt,Apparel,24.99,ec8aee56-e644-46b2-a641-99204887a959
1376,2024-11-15,Mimic's Grin Throw Pillow,Home Goods,25.0,159ce435-f1aa-4efa-aef2-20218a84f03e
1377,2024-09-04,Viking Rune Keychain,Accessories,9.5,ac5c4688-7bcf-4918-9fdd-51713f1b9c1d
1378,2024-08-21,Viking Rune Keychain,Accessories,9.5,8f340987-7854-4254-9a79-90952801be19
1379,2024-05-05,Cthulhu Silhouette Mug,Home Goods,15.99,31e739bd-77da-49c6-b613-7a259c953276
1380,2024-05-30,RPG Class Symbol Enamel Pin,Accessories,10.0,ef4e3c03-40b9-4f6f-bcd1-bde80de85dc8
1381,2024-05-18,RPG Class Symbol Enamel Pin,Accessories,10.0,9bcfee7d-f0ba-4388-b729-f308a36fe8e6
1382,2024-02-20,Enchanted Forest T-Shirt,Apparel,24.99,2a781caf-ef4b-4d66-bf79-616cbbab7352
1383,2024-12-09,Enchanted Forest T-Shirt,Apparel,24.99,8be604c3-bf21-4605-b5e9-ac975ac77e93
1384,2024-07-03,'Code & Coffee' Tee,Apparel,22.99,1fb7cf43-1bec-4b99-971a-27a8b59fea6e
1385,2024-04-23,Dwarven Axe Coasters (Set of 4),Home Goods,19.99,0d508ef8-f560-4351-8540-768ce8dc1df7
1386,2024-07-22,Cosmic Horror Sticker Pack,Accessories,12.0,61362564-7e8a-482f-841a-3cdf5bc250a9
1387,2024-01-16,Mimic's Grin Throw Pillow,Home Goods,25.0,6fc837cb-c884-46f3-b8cf-5c0f14a151d9
1388,2024-07-28,Mimic's Grin Throw Pillow,Home Goods,25.0,8c6c44c3-3b7c-4307-af94-151fd92a1f05
1389,2024-10-31,Cosmic Horror Sticker Pack,Accessories,12.0,5762c690-c370-4537-9790-dc8805bb070c
1390,2024-05-24,Elven Leaf Art Print,Home Goods,32.0,397d827f-6ef0-4bd1-993a-f2f4b665cf66
1391,2024-04-08,Minimalist Dragon Hoodie,Apparel,45.5,eac1f6b8-5c5b-44e3-86e6-1b8cf9298874
1392,2024-10-23,Mimic's Grin Throw Pillow,Home Goods,25.0,fc7216e0-d7b5-42cd-a03a-49aac74e6aa1
1393,2024-11-24,Dwarven Axe Coasters (Set of 4),Home Goods,19.99,481c7f08-bf12-4b36-88b5-562bad609d44
1394,2024-06-12,Dwarven Axe Coasters (Set of 4),Home Goods,19.99,2669174c-f81c-4861-a560-9c0942f96817
1395,2024-03-03,Minimalist Dragon Hoodie,Apparel,45.5,246b9955-4d37-402a-85cc-079f976764f9
1396,2024-01-11,Viking Rune Keychain,Accessories,9.5,76528083-5b99-4a36-b43b-49b837e4a2b2
1397,2024-08-27,'Code & Coffee' Tee,Apparel,22.99,b5ed919c-546a-4337-8173-9b4946df4b3f
1398,2024-10-07,Viking Rune Keychain,Accessories,9.5,c168029b-6e28-491d-bfff-11a6c20ba9d5
1399,2024-12-14,Cthulhu Silhouette Mug,Home Goods,15.99,a0bea706-4d47-4393-9656-0b0cc0f4a554
1400,2024-02-10,Minimalist Dragon Hoodie,Apparel,45.5,4e27d018-39f1-4636-a6c1-240f498defa3
1401,2024-05-18,Cthulhu Silhouette Mug,Home Goods,15.99,40e32edb-22ed-49fa-9df8-b2edfe0d09ca
1402,2024-02-16,Cosmic Horror Sticker Pack,Accessories,12.0,677dfa32-362f-4b5d-83d3-7805083f09b2
1403,2024-11-14,Cthulhu Silhouette Mug,Home Goods,15.99,2ba5d567-e1d9-43dc-9ce4-8d011e74d332
1404,2024-10-14,'Code & Coffee' Tee,Apparel,22.99,68964315-1465-4578-973e-5b3704c50127
1405,2024-02-27,'Code & Coffee' Tee,Apparel,22.99,2a74c71f-9c05-4268-a77b-f8b025a27bb6
1406,2024-05-03,Cthulhu Silhouette Mug,Home Goods,15.99,50d51a36-6a23-428b-8ca3-c12d0f3c9c4f
1407,2024-06-12,Dwarven Axe Coasters (Set of 4),Home Goods,19.99,e180ba21-680b-46c0-bbbd-9cb14d06ce67
1408,2024-08-01,'Code & Coffee' Tee,Apparel,22.99,14a880bb-3cfe-4d42-928e-d5b58fd137a5
1409,2024-06-24,Viking Rune Keychain,Accessories,9.5,01e6a4d5-ba66-451f-b2b7-961b2dead823
1410,2024-05-22,Mimic's Grin Throw Pillow,Home Goods,25.0,79abcb48-f7d6-4b6f-805e-7e26dc763ec1
1411,2024-10-04,RPG Class Symbol Enamel Pin,Accessories,10.0,14d10c2b-c00b-4d12-884d-ea97f1662a92
1412,2024-09-19,Cthulhu Silhouette Mug,Home Goods,15.99,df817ed9-471f-497a-b80a-c15d58949af6
1413,2024-09-15,Cthulhu Silhouette Mug,Home Goods,15.99,06ca33f9-43fa-4a07-88bf-9aaac34f69e3
1414,2024-09-09,RPG Class Symbol Enamel Pin,Accessories,10.0,0a72fe53-2051-4400-a123-2de09d7edbcd
1415,2024-04-27,Cthulhu Silhouette Mug,Home Goods,15.99,0d9b8b9e-3742-40d6-b592-0d9accdf59b8
1416,2024-09-27,Cosmic Horror Sticker Pack,Accessories,12.0,3426ee6c-b66b-4270-90d0-eea1d48071a5
1417,2024-07-04,Enchanted Forest T-Shirt,Apparel,24.99,a405fca6-06ca-45a9-8e88-6671cc58fd8f
1418,2024-03-12,Mimic's Grin Throw Pillow,Home Goods,25.0,61899236-2180-407a-ac53-79741fc59c9f
1419,2024-03-07,Sorcerer's Hat Embroidered Cap,Apparel,28.0,9b53ba68-cd94-425a-9c29-104ca49dcecd
1420,2024-06-02,Minimalist Dragon Hoodie,Apparel,45.5,f736dcd5-c30b-4d09-95c7-225887f1a6c1
1421,2024-02-04,Dwarven Axe Coasters (Set of 4),Home Goods,19.99,942968eb-2eef-4598-8610-e925a999e1f6
1422,2024-06-24,RPG Class Symbol Enamel Pin,Accessories,10.0,d3a86f2a-74b9-4404-af50-04c288a28c85
1423,2024-02-05,Enchanted Forest T-Shirt,Apparel,24.99,de45499c-2c41-4ed2-97f7-45e98b32a2d7
1424,2024-05-15,Cthulhu Silhouette Mug,Home Goods,15.99,9fd70ae1-66c9-4ae7-9661-1de410bb7d8b
1425,2024-08-27,RPG Class Symbol Enamel Pin,Accessories,10.0,b45fe87d-42f8-4f94-835a-e8e380495217
1426,2024-04-28,Enchanted Forest T-Shirt,Apparel,24.99,7f102df2-c9f5-4f6d-834e-0647332e0a7a
1427,2024-03-22,Cthulhu Silhouette Mug,Home Goods,15.99,8755ecd9-a6ae-4f89-99a5-38a66b858ee9
1428,2024-05-03,Enchanted Forest T-Shirt,Apparel,24.99,67d1e5f5-ad02-4844-b3fa-4b4b1b5160da
1429,2024-04-13,Dwarven Axe Coasters (Set of 4),Home Goods,19.99,9610edb7-10bd-485e-8e4e-8595e49e9ef0
1430,2024-11-09,'Code & Coffee' Tee,Apparel,22.99,1469c2b9-c984-4e30-bea8-f551f8e7c7e3
1431,2024-08-01,Viking Rune Keychain,Accessories,9.5,ea571967-cffd-4184-9177-3bacb7b83e62
1432,2024-06-27,Cthulhu Silhouette Mug,Home Goods,15.99,13f1776e-5595-4af4-a88a-d77f2eafd378
1433,2024-05-12,Cosmic Horror Sticker Pack,Accessories,12.0,8daffe85-6c6a-4e46-9c47-1202ba0774f6
1434,2024-03-12,Elven Leaf Art Print,Home Goods,32.0,b13dce20-80e8-4ad5-ba34-df472ae7fd9a
1435,2024-10-03,Cosmic Horror Sticker Pack,Accessories,12.0,6847d856-8b42-4a36-8024-c6ef49dd36f2
1436,2024-07-08,Enchanted Forest T-Shirt,Apparel,24.99,b490974f-187a-4490-acbf-4d3e3ece7619
1437,2024-07-23,Elven Leaf Art Print,Home Goods,32.0,c99bbc27-3503-415a-973a-8a11e8bdd0b5
1438,2024-07-24,Mimic's Grin Throw Pillow,Home Goods,25.0,799d2fd8-62cd-49f0-8374-5f8f3be5632b
1439,2024-10-09,Sorcerer's Hat Embroidered Cap,Apparel,28.0,47dffbd1-96b8-4c1b-9c0b-4827fba28166
1440,2024-03-08,Mimic's Grin Throw Pillow,Home Goods,25.0,31017851-9843-4d10-abf2-f4704e131ca1
1441,2024-09-28,Viking Rune Keychain,Accessories,9.5,f932ca25-935b-48a6-b940-2f283e55e584
1442,2024-11-07,Dwarven Axe Coasters (Set of 4),Home Goods,19.99,fef3a6d3-78c0-40c3-87be-6a64f07c2445
1443,2024-02-26,Enchanted Forest T-Shirt,Apparel,24.99,10d40b1f-c960-4553-8cd3-4e1fb7667580
1444,2024-07-26,Cthulhu Silhouette Mug,Home Goods,15.99,9f47f344-07b3-423d-ab2e-a543c785f9fd
1445,2024-12-09,'Code & Coffee' Tee,Apparel,22.99,f372db74-7d90-4a86-b1dc-4e2439d649bd
1446,2024-08-22,Mimic's Grin Throw Pillow,Home Goods,25.0,3f8ff7f1-fd52-4159-a1b6-1252d1faf5cf
1447,2024-12-27,'Code & Coffee' Tee,Apparel,22.99,403b8866-96fa-4827-9862-52f5e114e5c3
1448,2024-04-14,Cthulhu Silhouette Mug,Home Goods,15.99,67fbdd1b-ee85-42ce-ac54-e291ee9738b1
1449,2024-07-01,Dwarven Axe Coasters (Set of 4),Home Goods,19.99,a64f30fc-ed6f-4e7c-b33e-7a4cb3a6a4cf
1450,2024-12-14,Dwarven Axe Coasters (Set of 4),Home Goods,19.99,75882a96-21ed-4cc3-ab43-8ba25b27c1c5
1451,2024-03-26,RPG Class Symbol Enamel Pin,Accessories,10.0,64183098-a3d3-4293-b951-0496e34c4320
1452,2024-03-15,Elven Leaf Art Print,Home Goods,32.0,b89ad4d3-14dc-4292-98cc-e248b20c6e20
1453,2024-03-21,Enchanted Forest T-Shirt,Apparel,24.99,3a8f2976-4cef-494c-80b8-638d7eb43b58
1454,2024-05-16,Enchanted Forest T-Shirt,Apparel,24.99,0421d33c-66d2-4967-833d-73b9a3c108f2
1455,2024-12-30,Cthulhu Silhouette Mug,Home Goods,15.99,6824fdda-642b-44d7-95cc-9b4dff83ee35
1456,2024-09-21,Mimic's Grin Throw Pillow,Home Goods,25.0,c866abe3-1c8a-4027-8d44-19940dba2710
1457,2024-08-19,Cthulhu Silhouette Mug,Home Goods,15.99,e2881af5-a31f-4909-954a-b8f1aedb2a1a
1458,2024-01-20,Mimic's Grin Throw Pillow,Home Goods,25.0,02dcba3a-3fcf-477f-b93b-4889a95e9722
1459,2024-01-31,Enchanted Forest T-Shirt,Apparel,24.99,e7f2f509-2312-4130-a999-464e886d8ec6
1460,2024-03-23,Viking Rune Keychain,Accessories,9.5,72f9cab5-1a4a-4d53-bc2f-6728cdb48556
1461,2024-08-06,Developer Joke Sticker,Accessories,3.5,6ef14bbd-0533-4af6-8729-fa1441aa71bb
1462,2024-09-12,Cthulhu Silhouette Mug,Home Goods,15.99,28265247-0d0e-4966-91e1-cef8c2d289b3
1463,2024-06-06,Cthulhu Silhouette Mug,Home Goods,15.99,dfaef70d-ed68-4ead-9c37-1906639d2676
1464,2024-04-06,Viking Rune Keychain,Accessories,9.5,0ee4ef5b-9ccb-4b5b-b81c-530abde540c0
1465,2024-06-18,'Code & Coffee' Tee,Apparel,22.99,40ec246e-cba5-4d95-a924-a1346eaf135e
1466,2024-01-28,Viking Rune Keychain,Accessories,9.5,38612e8b-aa02-4e90-88cb-425f89381560
1467,2024-07-08,'Code & Coffee' Tee,Apparel,22.99,04800f8f-2e1f-4d66-851d-deb1a7761c7b
1468,2024-04-25,Mimic's Grin Throw Pillow,Home Goods,25.0,c683b262-addc-41e7-9c6f-b0edc4b56fbf
1469,2024-02-20,Dwarven Axe Coasters (Set of 4),Home Goods,19.99,df7935ad-e00d-423b-bf55-4ace84449ecb
1470,2024-03-29,Viking Rune Keychain,Accessories,9.5,a65759ca-d995-47e5-b65d-947b2858b68b
1471,2024-02-29,Cthulhu Silhouette Mug,Home Goods,15.99,48549df6-bd2a-44cd-9775-7bfbde87e030
1472,2024-08-09,'Code & Coffee' Tee,Apparel,22.99,908386e5-368e-4893-8132-87339006af1c
1473,2024-08-06,Cthulhu Silhouette Mug,Home Goods,15.99,80122ec2-c287-4a20-b253-88e7373f4786
1474,2024-06-02,Enchanted Forest T-Shirt,Apparel,24.99,36aab2f8-c307-453d-a3c7-b51b1c8757a8
1475,2024-11-19,Cthulhu Silhouette Mug,Home Goods,15.99,ac456bee-95d8-4de8-9406-2f400853fbe3
1476,2024-07-06,Cthulhu Silhouette Mug,Home Goods,15.99,63130fb1-941e-44da-95c9-2ad4e8c3e010
1477,2024-10-31,Cthulhu Silhouette Mug,Home Goods,15.99,cffd80f3-3756-4a06-8388-57654e528251
1478,2024-08-08,Cthulhu Silhouette Mug,Home Goods,15.99,942fe151-66d2-4ebc-a9b4-cfa42f5d72c7
1479,2024-11-30,Enchanted Forest T-Shirt,Apparel,24.99,9a53f58d-b04c-43df-a842-1fcf0a8c1ff2
1480,2024-01-04,Cthulhu Silhouette Mug,Home Goods,15.99,cc3b0d7b-b3c5-43db-a91d-a4274fbf2d0a
1481,2024-09-16,Cthulhu Silhouette Mug,Home Goods,15.99,adc51913-4123-4885-a041-288805f8a344
1482,2024-12-14,Sorcerer's Hat Embroidered Cap,Apparel,28.0,0c5bb81b-cf7a-40c5-9aa9-8878fc4ee863
1483,2024-12-16,Enchanted Forest T-Shirt,Apparel,24.99,88d43542-4caa-4c86-ae7d-a4319cda80a8
1484,2024-12-24,Cthulhu Silhouette Mug,Home Goods,15.99,8f07020c-ca66-495c-900a-296926f96dfb
1485,2024-12-29,'Code & Coffee' Tee,Apparel,22.99,babbfab5-5a79-49b3-846e-3b22f40db794
1486,2024-08-16,Enchanted Forest T-Shirt,Apparel,24.99,f24c354a-1603-430b-99e1-e192d8c4a264
1487,2024-10-22,Cosmic Horror Sticker Pack,Accessories,12.0,8ea660e1-0e40-487d-9af4-45b7c7d75bc6
1488,2024-08-25,Mimic's Grin Throw Pillow,Home Goods,25.0,08c8c53b-15ee-4dbd-85a6-8f4cc18431f1
1489,2024-04-28,Cosmic Horror Sticker Pack,Accessories,12.0,b1cb31e0-ded7-441f-a648-677ee059ef1c
1490,2024-04-06,'Code & Coffee' Tee,Apparel,22.99,5bd7bb5b-d9bb-43c1-a677-95600babbea7
1491,2024-08-05,'Code & Coffee' Tee,Apparel,22.99,38ba2188-2370-4b2f-8c9c-adb8c46d7596
1492,2024-01-21,Enchanted Forest T-Shirt,Apparel,24.99,196d4a7e-0ed1-4262-a49c-d889adcbc485
1493,2024-04-10,Cosmic Horror Sticker Pack,Accessories,12.0,cbd0338d-56d2-4e33-abf8-0b8498e5607f
1494,2024-12-11,Cthulhu Silhouette Mug,Home Goods,15.99,9fd6e510-fd73-4430-9e49-ccc4247917ec
1495,2024-07-05,Viking Rune Keychain,Accessories,9.5,81880556-4ee8-4b53-aa3c-4b9c269f29d1
1496,2024-06-29,'Code & Coffee' Tee,Apparel,22.99,7432892f-4b86-4abc-99d4-105d1be794d6
1497,2024-12-14,Cthulhu Silhouette Mug,Home Goods,15.99,6d73391a-07f5-4a32-abb2-de6db37df15d
1498,2024-01-12,Enchanted Forest T-Shirt,Apparel,24.99,c7aef0d7-1ac0-4937-8f64-ead1a6e14943
1499,2024-12-08,Elven Leaf Art Print,Home Goods,32.0,a22d96a7-276d-460e-8a70-6731ec228010
1500,2024-08-03,Sorcerer's Hat Embroidered Cap,Apparel,28.0,8aa37217-af15-4846-9ae0-a30aa2bb01aa
1501,2024-02-28,Enchanted Forest T-Shirt,Apparel,24.99,ee67fca4-83c3-403f-8bd1-db0f48457dc8
1502,2024-04-03,Mimic's Grin Throw Pillow,Home Goods,25.0,3917ff5f-f715-49ae-854e-a7daea6df10c
1503,2024-04-10,Cthulhu Silhouette Mug,Home Goods,15.99,49e56ac4-203b-492f-b4cb-4d5d7f6d43b6
1504,2024-12-30,Cosmic Horror Sticker Pack,Accessories,12.0,270974fa-d5ea-4f5d-b863-28eecb257b81
1505,2024-06-18,Enchanted Forest T-Shirt,Apparel,24.99,59a7e74a-6fed-4e5e-9290-87345c7bc207
1506,2024-07-07,Dwarven Axe Coasters (Set of 4),Home Goods,19.99,b8d24ccf-b13b-45ed-954c-1a645a763435
1507,2024-03-19,Mimic's Grin Throw Pillow,Home Goods,25.0,9fbc52d2-705d-49cc-9069-181670f21369
1508,2024-06-07,Viking Rune Keychain,Accessories,9.5,ecf03f47-8c43-4a7c-8f6e-a396c23a3f8a
1509,2024-08-23,Enchanted Forest T-Shirt,Apparel,24.99,cb02009d-046e-4428-9d76-3b29a2e8c6d6
1510,2024-01-04,Dwarven Axe Coasters (Set of 4),Home Goods,19.99,c0a7cfc9-8394-45d0-a0e7-d75d76a2c3b0
1511,2024-12-08,Mimic's Grin Throw Pillow,Home Goods,25.0,46057bb5-ae52-4925-ba6c-3e61b8ce32d1
1512,2024-04-16,Cthulhu Silhouette Mug,Home Goods,15.99,e9bd2004-dff0-4e61-8e77-212350655117
1513,2024-05-01,Sorcerer's Hat Embroidered Cap,Apparel,28.0,71b4b884-0421-4ae2-83d8-6bee1c3d2c4f
1514,2024-04-06,Minimalist Dragon Hoodie,Apparel,45.5,cc3c545a-6fdd-441d-b9fb-248dd5d32b93
1515,2024-10-19,Cthulhu Silhouette Mug,Home Goods,15.99,cd4c7ec8-4c3a-4705-b219-ff772811eb73
1516,2024-08-21,Cthulhu Silhouette Mug,Home Goods,15.99,46a835a2-26a4-4fce-a96f-23452c3d96c6
1517,2024-02-19,Enchanted Forest T-Shirt,Apparel,24.99,0f098dbc-6e85-4fff-934e-7db96827f464
1518,2024-01-21,Viking Rune Keychain,Accessories,9.5,9ad64977-c562-410a-ba61-6f33a710a648
1519,2024-09-11,Enchanted Forest T-Shirt,Apparel,24.99,f8f1a9f2-2da6-4d70-9aed-c03a87c25830
1520,2024-01-03,Viking Rune Keychain,Accessories,9.5,670d67bb-493f-4ce9-940d-d8db448498b4
1521,2024-06-08,Dwarven Axe Coasters (Set of 4),Home Goods,19.99,0ec97e35-0ba2-4279-beca-0afaecf42aa9
1522,2024-07-06,Mimic's Grin Throw Pillow,Home Goods,25.0,da884a80-cdd6-4385-bc63-d468b0e25f79
1523,2024-07-08,Dwarven Axe Coasters (Set of 4),Home Goods,19.99,1c71437a-ed87-4371-b017-d069ae2cd1c2
1524,2024-08-13,Enchanted Forest T-Shirt,Apparel,24.99,17aaff41-fe8c-48b5-b613-2d7af8478a1f
1525,2024-03-18,Enchanted Forest T-Shirt,Apparel,24.99,c236dc76-f7a2-4470-b774-90e72f4d222c
1526,2024-05-28,'Code & Coffee' Tee,Apparel,22.99,e11d41eb-a8ed-447a-80d6-34ec004b4fee
1527,2024-09-28,Enchanted Forest T-Shirt,Apparel,24.99,4e68b0cb-3379-4a0d-ae8f-68f40fc1a4c7
1528,2024-11-23,Viking Rune Keychain,Accessories,9.5,aff6ee8e-5a04-401b-b97e-d6c6df8c14ce
1529,2024-10-17,RPG Class Symbol Enamel Pin,Accessories,10.0,5e037144-1005-41e3-95d3-287ee1d16a22
1530,2024-04-26,Dwarven Axe Coasters (Set of 4),Home Goods,19.99,61fd1c03-8f1e-460c-90b3-978df037e3e1
1531,2024-10-18,Viking Rune Keychain,Accessories,9.5,4d448629-b852-46fc-a2d8-7f5218f3678e
1532,2024-07-14,Viking Rune Keychain,Accessories,9.5,c882752d-93ff-4029-812e-d0d4a5d053bb
1533,2024-06-18,Cthulhu Silhouette Mug,Home Goods,15.99,69f1a0bc-4c42-476a-b98e-f9c229469734
1534,2024-01-19,'Code & Coffee' Tee,Apparel,22.99,72dc4e87-b3b2-4f0c-abf1-560635cca931
1535,2024-07-03,Enchanted Forest T-Shirt,Apparel,24.99,6789d223-6f65-4461-b124-a010b80d005a
1536,2024-08-08,Cthulhu Silhouette Mug,Home Goods,15.99,9ca5d492-0440-45e1-b922-0e64dd3fd6fe
1537,2024-03-29,Cthulhu Silhouette Mug,Home Goods,15.99,b8834ec6-e880-44db-a07b-116751c36df1
1538,2024-02-28,'Code & Coffee' Tee,Apparel,22.99,dbff5d1e-a8e5-4f03-b63b-23199a0c488b
1539,2024-05-30,RPG Class Symbol Enamel Pin,Accessories,10.0,0e2af299-6bf3-4b25-8046-cbe5fdcbd55f
1540,2024-08-14,Sorcerer's Hat Embroidered Cap,Apparel,28.0,b1af2bce-04c4-4b91-bd3e-fed2a8318d15
1541,2024-03-02,Cthulhu Silhouette Mug,Home Goods,15.99,56608863-1523-4e1a-886b-63d2eb8f7966
1542,2024-06-06,Cosmic Horror Sticker Pack,Accessories,12.0,18a82447-e3b2-4a23-9095-a18ea45a94ca
1543,2024-04-06,Minimalist Dragon Hoodie,Apparel,45.5,8d912c30-6521-4f84-95a2-0843b78cbb5e
1544,2024-05-19,Cosmic Horror Sticker Pack,Accessories,12.0,8f99b9c7-7cb4-4b89-946f-d9539e486765
1545,2024-02-22,RPG Class Symbol Enamel Pin,Accessories,10.0,15a9eb96-f256-4771-a7a1-d6520cca5de8
1546,2024-12-02,Cthulhu Silhouette Mug,Home Goods,15.99,7e5a7544-3d5f-4cd5-b4be-3ff3958ec81b
1547,2024-02-09,Viking Rune Keychain,Accessories,9.5,cb1c0773-2e85-400b-adac-4f37e304792f
1548,2024-06-22,'Code & Coffee' Tee,Apparel,22.99,18c96282-d8a3-4539-b992-ae0768b71029
1549,2024-02-09,Cthulhu Silhouette Mug,Home Goods,15.99,27a3fbba-4628-4ae8-bb13-34a23f9775c8
1550,2024-07-17,Dwarven Axe Coasters (Set of 4),Home Goods,19.99,f2c51f9a-ad04-459a-a59d-2053417c0fcd
1551,2024-11-21,Minimalist Dragon Hoodie,Apparel,45.5,b688fff8-9412-4e06-989e-a8711496f405
1552,2024-08-27,Cthulhu Silhouette Mug,Home Goods,15.99,93b5eecf-75c1-4646-b21a-a607225b0b17
1553,2024-07-21,Cosmic Horror Sticker Pack,Accessories,12.0,798f7a8a-6c87-48b1-a412-fb0fb44d5eb8
1554,2024-12-21,Cosmic Horror Sticker Pack,Accessories,12.0,7aab4ca5-b770-43f3-beb4-88e9dd4cadf7
1555,2024-06-02,Minimalist Dragon Hoodie,Apparel,45.5,6ce62ec1-b243-4278-a783-8e86cfe1c9fc
1556,2024-05-12,Dwarven Axe Coasters (Set of 4),Home Goods,19.99,63324fe5-e2a2-430c-b1e7-7f09577f836d
1557,2024-04-01,Viking Rune Keychain,Accessories,9.5,81625256-af38-4cc0-8573-d23fe2c76e43
1558,2024-08-20,Viking Rune Keychain,Accessories,9.5,8b995faf-5757-4f17-b9be-c5027b8e6f20
1559,2024-02-27,Cthulhu Silhouette Mug,Home Goods,15.99,50dd1898-cf86-4cbc-931c-10b09e1af813
1560,2024-08-09,RPG Class Symbol Enamel Pin,Accessories,10.0,6286884f-75af-4007-b539-341f76fa7ead
1561,2024-10-10,Cthulhu Silhouette Mug,Home Goods,15.99,6bf7e024-fce6-4109-876f-14413eb04d24
1562,2024-02-19,Minimalist Dragon Hoodie,Apparel,45.5,3299dc54-5f08-4469-873e-50abb6f7ab26
1563,2024-10-23,Viking Rune Keychain,Accessories,9.5,6f0eaafe-7abd-487d-98e4-517ba8ffd1a7
1564,2024-03-21,Viking Rune Keychain,Accessories,9.5,7b630c30-61e4-4bcc-aaaf-4b0e62d319b3
1565,2024-11-03,Cthulhu Silhouette Mug,Home Goods,15.99,19f34cb7-6692-4689-893c-1229eaea722c
1566,2024-05-31,Dwarven Axe Coasters (Set of 4),Home Goods,19.99,fe6e2f6f-852f-4107-b371-16224548c337
1567,2024-03-09,Cthulhu Silhouette Mug,Home Goods,15.99,f055a717-8207-4b67-ac90-a9d0ee5dccf8
1568,2024-10-20,Cosmic Horror Sticker Pack,Accessories,12.0,515cb1c1-99cb-449a-b0d5-d2d31a860434
1569,2024-03-29,Mimic's Grin Throw Pillow,Home Goods,25.0,f2d39874-bf08-4c4c-a29b-100782341278
1570,2024-02-02,Cosmic Horror Sticker Pack,Accessories,12.0,ac4f8173-6656-42db-951e-d5a75e66631c
1571,2024-06-13,Enchanted Forest T-Shirt,Apparel,24.99,4668d3ef-5467-4a30-899f-4a8ecc50f151
1572,2024-02-11,Dwarven Axe Coasters (Set of 4),Home Goods,19.99,de0fc946-1a69-46ba-856a-cf6de16eaba0
1573,2024-01-14,'Code & Coffee' Tee,Apparel,22.99,5eae6df1-71fb-4b65-b21d-842d8e574ca2
1574,2024-07-09,Cthulhu Silhouette Mug,Home Goods,15.99,ab89fb52-4c75-4800-8e94-d23fb76010cb
1575,2024-06-18,Elven Leaf Art Print,Home Goods,32.0,310fdb5d-6f7f-420a-bf42-ff94d034af85
1576,2024-09-14,Cthulhu Silhouette Mug,Home Goods,15.99,7546150c-fdde-4c35-9646-d8e4c49e2472
1577,2024-12-07,Enchanted Forest T-Shirt,Apparel,24.99,88b9b8e5-3ab4-4b2c-a81d-1e3984886da3
1578,2024-04-17,Sorcerer's Hat Embroidered Cap,Apparel,28.0,0818c0c3-ce3f-43e8-a52b-6887302d7348
1579,2024-05-02,Cthulhu Silhouette Mug,Home Goods,15.99,3355d647-843e-4622-a396-ca744292ab97
1580,2024-03-15,Cosmic Horror Sticker Pack,Accessories,12.0,74623154-2915-4da9-b8c6-9acb43284598
1581,2024-03-18,Enchanted Forest T-Shirt,Apparel,24.99,e17e1eb8-dfe2-422f-b582-3d636c8eafce
1582,2024-08-20,Mimic's Grin Throw Pillow,Home Goods,25.0,33a18910-b3f3-449c-bf4e-0cc3b36ea7ab
1583,2024-09-24,Cthulhu Silhouette Mug,Home Goods,15.99,35a7cd90-478c-4fc9-b07a-91ce21f84749
1584,2024-10-21,Elven Leaf Art Print,Home Goods,32.0,5c0e3205-8c35-4b55-8579-270f5150f4d0
1585,2024-01-18,Cthulhu Silhouette Mug,Home Goods,15.99,92fb2bcc-7198-41cc-926c-30799b27699a
1586,2024-05-16,Enchanted Forest T-Shirt,Apparel,24.99,244d6b70-5ef0-4f20-b2f1-eb36d24e956d
1587,2024-12-08,Viking Rune Keychain,Accessories,9.5,bbe562ab-312a-454f-b2bc-049910a65c30
1588,2024-12-07,Cthulhu Silhouette Mug,Home Goods,15.99,2614e3b1-fcd0-4705-9601-fba9a23a5c84
1589,2024-01-19,Dwarven Axe Coasters (Set of 4),Home Goods,19.99,91dd2a43-259e-491d-b6e0-ab89d4d123e2
1590,2024-09-10,Dwarven Axe Coasters (Set of 4),Home Goods,19.99,e49cdb2e-1b91-419a-9c45-7fdcb44b379f
1591,2024-05-22,Cthulhu Silhouette Mug,Home Goods,15.99,621fb7c2-0f1e-4114-815f-e30d923de7cf
1592,2024-06-01,Cosmic Horror Sticker Pack,Accessories,12.0,a4271975-3db3-4158-a0a9-0755aa68ccc2
1593,2024-04-01,Dwarven Axe Coasters (Set of 4),Home Goods,19.99,84c04f91-b3da-482d-aeb0-8899d2e7ebf3
1594,2024-03-11,Cthulhu Silhouette Mug,Home Goods,15.99,dd06670e-3820-4bf1-ae96-853f6b9760b5
1595,2024-03-11,Cthulhu Silhouette Mug,Home Goods,15.99,f9593aa9-30e3-4b4a-ba19-b76febb5c2a8
1596,2024-06-03,Minimalist Dragon Hoodie,Apparel,45.5,83a283f0-3031-461e-9058-884ffda36f93
1597,2024-04-01,'Code & Coffee' Tee,Apparel,22.99,88f77915-6201-4818-9cef-7fa3cc0d536b
1598,2024-02-15,Minimalist Dragon Hoodie,Apparel,45.5,4cf063c5-2f75-4618-a425-f9e21ed9e632
1599,2024-04-10,Enchanted Forest T-Shirt,Apparel,24.99,7de6bd83-e780-4498-b452-c49ea4a19f9f
1600,2024-06-01,Mimic's Grin Throw Pillow,Home Goods,25.0,fa032d93-2938-4f59-8e4c-18f791a70686
1601,2024-06-28,Cthulhu Silhouette Mug,Home Goods,15.99,683cbd04-4da0-429d-86b3-ea30c1cdd9d2
1602,2024-09-03,Mimic's Grin Throw Pillow,Home Goods,25.0,c747d3ea-ee07-48bd-aad3-b25f9aa5f1cc
1603,2024-05-20,Dwarven Axe Coasters (Set of 4),Home Goods,19.99,33c28994-6e72-4033-9a84-b7af93a1c04b
1604,2024-06-01,Dwarven Axe Coasters (Set of 4),Home Goods,19.99,0910909a-1eef-4c74-a484-97fc7d1a8b91
1605,2024-10-29,Enchanted Forest T-Shirt,Apparel,24.99,64bdc984-4ea2-4726-8fdd-5bb583fda31d
1606,2024-04-08,Enchanted Forest T-Shirt,Apparel,24.99,84a45f82-d3c5-4510-98c2-c30ec2c15ba6
1607,2024-10-19,Elven Leaf Art Print,Home Goods,32.0,cce8eb8b-7cbe-4d4b-8f99-4c87c2d06928
1608,2024-09-14,'Code & Coffee' Tee,Apparel,22.99,8c242fb2-51cd-435a-87ca-bd2bb094c48e
1609,2024-05-15,Minimalist Dragon Hoodie,Apparel,45.5,877a17bd-ff5f-435f-a5ee-b7ff7c3ec49f
1610,2024-11-23,Sorcerer's Hat Embroidered Cap,Apparel,28.0,4a183588-edaa-4b99-b7ad-cf9bb6d91386
1611,2024-12-05,Enchanted Forest T-Shirt,Apparel,24.99,0ef1f607-ade5-4e5f-996d-b6932135dd96
1612,2024-12-29,Minimalist Dragon Hoodie,Apparel,45.5,a5a3560c-5d9c-47ab-a408-60614502b204
1613,2024-08-13,Cosmic Horror Sticker Pack,Accessories,12.0,f8489e53-ecbc-4da4-b56b-5ad07a8873c3
1614,2024-04-12,'Code & Coffee' Tee,Apparel,22.99,3abfbc42-8907-4c49-93cb-ebf3f5175485
1615,2024-04-26,Minimalist Dragon Hoodie,Apparel,45.5,cc234e09-e1ff-4e0c-a559-826e21ffa04f
1616,2024-06-05,'Code & Coffee' Tee,Apparel,22.99,f6933a1f-28c1-4d5a-bb31-7c31b7c9ad54
1617,2024-04-15,Minimalist Dragon Hoodie,Apparel,45.5,1ab5ac2f-93f6-4c53-9bf8-72cf54e2a406
1618,2024-02-23,'Code & Coffee' Tee,Apparel,22.99,2788c138-9aa0-449f-ace2-915a4e0a2e11
1619,2024-11-15,Cosmic Horror Sticker Pack,Accessories,12.0,4b3312c8-2a10-46cc-bf46-2e0864f7ef9c
1620,2024-05-19,Enchanted Forest T-Shirt,Apparel,24.99,71bc511b-c4a9-4baf-80c5-b5de9fe1077c
1621,2024-10-20,RPG Class Symbol Enamel Pin,Accessories,10.0,85373bcc-0808-4f80-8796-1da7db025f9b
1622,2024-10-03,Enchanted Forest T-Shirt,Apparel,24.99,3f02aef6-b530-4647-b137-0568c8d08b24
1623,2024-07-17,RPG Class Symbol Enamel Pin,Accessories,10.0,08697ebc-50d2-4f1e-8fa0-4894b3b88c6b
1624,2024-11-14,Cthulhu Silhouette Mug,Home Goods,15.99,476ded6a-115b-4b7c-a040-2ff7ed7237d3
1625,2024-03-06,Minimalist Dragon Hoodie,Apparel,45.5,981f4ffc-e4bc-4140-9454-fba8af3b0b65
1626,2024-08-11,Viking Rune Keychain,Accessories,9.5,90b1ff21-653d-4060-8055-76126c394310
1627,2024-05-03,Mimic's Grin Throw Pillow,Home Goods,25.0,a3ecca70-6627-4cd8-b39f-3ee392ff52cc
1628,2024-11-02,Dwarven Axe Coasters (Set of 4),Home Goods,19.99,e57b3fc1-5ea0-45ff-a484-b8903864b5c6
1629,2024-05-05,Mimic's Grin Throw Pillow,Home Goods,25.0,42a4d79a-47f5-49db-9d17-f72c80b700e3
1630,2024-07-02,Cthulhu Silhouette Mug,Home Goods,15.99,c09eac0f-5c8a-4318-9c7a-c2b2b0bbe7b8
1631,2024-05-21,Mimic's Grin Throw Pillow,Home Goods,25.0,65ef67e3-df49-4e94-be71-78076205c47b
1632,2024-11-29,Enchanted Forest T-Shirt,Apparel,24.99,f3a9e554-d084-408c-8fe5-6782084ae14c
1633,2024-06-22,Enchanted Forest T-Shirt,Apparel,24.99,3d30bb45-9406-4093-b92e-4769f3fb9b88
1634,2024-08-27,Enchanted Forest T-Shirt,Apparel,24.99,5b751376-de52-4bf2-9ada-f5faf2df022d
1635,2024-02-24,Elven Leaf Art Print,Home Goods,32.0,c979da16-209d-472e-8f9d-d02fe678f235
1636,2024-03-22,Cthulhu Silhouette Mug,Home Goods,15.99,e427e48f-d4df-4ddf-bc86-ff192fa5cb01
1637,2024-10-21,Cthulhu Silhouette Mug,Home Goods,15.99,8582777c-c95f-4ae3-a998-a5e5e7d23942
1638,2024-09-03,Mimic's Grin Throw Pillow,Home Goods,25.0,14deb808-617f-4737-95bb-a5f4cb88d908
1639,2024-02-10,Cosmic Horror Sticker Pack,Accessories,12.0,b485e174-489e-41a4-b92d-f8fd1db46763
1640,2024-10-29,Minimalist Dragon Hoodie,Apparel,45.5,018ef525-c685-40fe-982c-d48336ade60e
1641,2024-01-10,Cosmic Horror Sticker Pack,Accessories,12.0,ea780aa7-2c20-458a-b5bd-c6a82447db55
1642,2024-04-04,Dwarven Axe Coasters (Set of 4),Home Goods,19.99,03fced91-42fb-4f60-b341-42ff4fdc8460
1643,2024-10-15,RPG Class Symbol Enamel Pin,Accessories,10.0,b9cfc7eb-1f86-4426-bdfb-4354ed4c4895
1644,2024-04-30,Viking Rune Keychain,Accessories,9.5,cdf1393a-5ca1-48be-97a1-1c4798dc5853
1645,2024-09-03,Cthulhu Silhouette Mug,Home Goods,15.99,91bfdddf-a390-4dd0-bd43-9e34c9912f72
1646,2024-12-02,Enchanted Forest T-Shirt,Apparel,24.99,3ed36376-6972-4e76-a8ba-0143c0547d1a
1647,2024-01-10,'Code & Coffee' Tee,Apparel,22.99,370f64b8-4132-4c16-9cd2-283a75dbc27d
1648,2024-01-06,Mimic's Grin Throw Pillow,Home Goods,25.0,55d494c7-d035-4153-a62b-3e32edcf2437
1649,2024-04-15,RPG Class Symbol Enamel Pin,Accessories,10.0,f33a8534-78d3-42b4-b939-dc797c8e8928
1650,2024-08-05,Dwarven Axe Coasters (Set of 4),Home Goods,19.99,ff15c82e-ee25-4853-afd0-8399cceb2024
1651,2024-12-04,Mimic's Grin Throw Pillow,Home Goods,25.0,72b7043f-f7c7-4224-9376-8d103053138e
1652,2024-12-16,Mimic's Grin Throw Pillow,Home Goods,25.0,2ac80141-7927-4d2e-989f-c83b7a6c692f
1653,2024-02-17,Enchanted Forest T-Shirt,Apparel,24.99,b09e35bb-1f4d-4121-8698-1f932d19c51f
1654,2024-11-20,Viking Rune Keychain,Accessories,9.5,7af933ff-1d95-41d3-8002-ee9b366f6187
1655,2024-08-02,Enchanted Forest T-Shirt,Apparel,24.99,a0e09e44-6c5a-48b0-96c4-52deecb34518
1656,2024-12-29,Dwarven Axe Coasters (Set of 4),Home Goods,19.99,46bbd0ed-bf42-48b5-8d6a-af233b7ee10c
1657,2024-10-07,Enchanted Forest T-Shirt,Apparel,24.99,c0a47983-e995-47a8-918f-2d9af5f29625
1658,2024-12-22,Dwarven Axe Coasters (Set of 4),Home Goods,19.99,d487a07b-cc4b-4814-88ed-c472da034351
1659,2024-01-13,'Code & Coffee' Tee,Apparel,22.99,f1b6f923-3882-4d05-b42d-a3aed3773dc1
1660,2024-11-30,Enchanted Forest T-Shirt,Apparel,24.99,3083163b-e6c7-4b00-abcb-b8c746403e65
1661,2024-08-12,Viking Rune Keychain,Accessories,9.5,e47683ab-66bc-4e69-a09f-75336547770d
1662,2024-08-06,Enchanted Forest T-Shirt,Apparel,24.99,ffb8f35b-17b7-4db2-9d6a-0a8cc7b3cebc
1663,2024-10-10,Cosmic Horror Sticker Pack,Accessories,12.0,7ad1d4e3-89e0-4e44-ad08-49c788fd5807
1664,2024-04-30,Enchanted Forest T-Shirt,Apparel,24.99,65db9feb-63cc-4ebf-9024-fbdb3c9f0920
1665,2024-12-09,Dwarven Axe Coasters (Set of 4),Home Goods,19.99,6d467e84-96af-4037-a226-19f9b1fe9b9c
1666,2024-10-09,'Code & Coffee' Tee,Apparel,22.99,5adbcb3e-87ab-4079-a537-cf56772e2dfd
1667,2024-04-23,Enchanted Forest T-Shirt,Apparel,24.99,d3c9d767-8b92-48b9-9280-240222e7de34
1668,2024-11-08,Enchanted Forest T-Shirt,Apparel,24.99,d781864d-3175-4c13-b422-39a012ab38bd
1669,2024-04-16,Viking Rune Keychain,Accessories,9.5,d98acdb0-0f79-468e-bdee-02c241fa2891
1670,2024-02-19,Mimic's Grin Throw Pillow,Home Goods,25.0,afed1a09-51cc-4791-9caf-bb9c4c78e52d
1671,2024-09-10,Cosmic Horror Sticker Pack,Accessories,12.0,347ceec2-e967-4ab9-8c6d-b29f0cdb718f
1672,2024-09-10,Sorcerer's Hat Embroidered Cap,Apparel,28.0,54715bcc-e47f-461a-8743-9819c0294a3d
1673,2024-03-11,Minimalist Dragon Hoodie,Apparel,45.5,f779aa26-c1e7-4834-9bc6-6e34d94c009b
1674,2024-06-07,'Code & Coffee' Tee,Apparel,22.99,c0d6940f-19a3-4ec2-9914-ff0bad2f4a26
1675,2024-01-26,Cthulhu Silhouette Mug,Home Goods,15.99,0e2d21e9-34a9-4f97-aa48-92a0261b8dad
1676,2024-12-09,Mimic's Grin Throw Pillow,Home Goods,25.0,4ca65e67-933c-42be-8e64-e10230468f24
1677,2024-04-03,Cthulhu Silhouette Mug,Home Goods,15.99,65f339c7-8fa3-419f-83cc-3e7e92bf36ad
1678,2024-09-06,Cthulhu Silhouette Mug,Home Goods,15.99,0ae4f6cd-09be-4b36-a357-392fb611807e
1679,2024-06-14,Enchanted Forest T-Shirt,Apparel,24.99,abe584b2-81fc-4fb3-b1e2-7a32ec10285e
1680,2024-03-02,Cthulhu Silhouette Mug,Home Goods,15.99,ddbbf2de-b3f1-4086-84d9-b4173bcb3d38
1681,2024-12-15,Mimic's Grin Throw Pillow,Home Goods,25.0,af2e04d7-5937-4508-860c-e665629c255d
1682,2024-11-23,Cthulhu Silhouette Mug,Home Goods,15.99,97a4c3ac-03b2-4cc1-9067-0e5fe20c0d5b
1683,2024-09-27,Enchanted Forest T-Shirt,Apparel,24.99,2bbfd103-47b9-4f0b-906a-77d514487237
1684,2024-03-08,Enchanted Forest T-Shirt,Apparel,24.99,7e4ecdae-59f3-4a8e-b9f6-11a81eb675a5
1685,2024-10-13,Sorcerer's Hat Embroidered Cap,Apparel,28.0,5127a271-304c-4da7-9965-6336f8a7719d
1686,2024-08-12,Elven Leaf Art Print,Home Goods,32.0,042616c6-92c8-49f6-b0b2-ee2f03ce590a
1687,2024-01-14,Cosmic Horror Sticker Pack,Accessories,12.0,a69ed9fa-a287-477c-b0a6-012e7b3fa991
1688,2024-12-14,Enchanted Forest T-Shirt,Apparel,24.99,5ac51754-4ab0-4bbb-8353-1e79163b079a
1689,2024-06-27,Cthulhu Silhouette Mug,Home Goods,15.99,c4e201a6-3adc-4f20-89e6-0d2070ba5bc5
1690,2024-09-19,Viking Rune Keychain,Accessories,9.5,6fc78607-7bd5-4aad-95e0-cc53082f3c9d
1691,2024-02-13,RPG Class Symbol Enamel Pin,Accessories,10.0,63736fef-3d34-4a0f-ba49-4c61e376a1fd
1692,2024-11-02,Viking Rune Keychain,Accessories,9.5,bcfe1357-ad7f-460a-9c2e-d3733285de7f
1693,2024-12-11,Cosmic Horror Sticker Pack,Accessories,12.0,0f59e12d-4018-413a-8a66-8485c8b2cfa1
1694,2024-05-15,Cthulhu Silhouette Mug,Home Goods,15.99,0359e223-d8cf-4d9f-95fe-5e9f77fdcdbe
1695,2024-10-09,Cosmic Horror Sticker Pack,Accessories,12.0,5c07158a-97b0-41d3-9bad-5066538059c9
1696,2024-08-19,Cosmic Horror Sticker Pack,Accessories,12.0,e0db3311-1dfb-41b9-a069-5b800d2fd873
1697,2024-09-11,Enchanted Forest T-Shirt,Apparel,24.99,6e6a3779-04f8-4645-8f7d-4ee023b13a80
1698,2024-08-06,Enchanted Forest T-Shirt,Apparel,24.99,c01fe18e-d9aa-4b6c-8c30-4d2921bf71bd
1699,2024-02-08,'Code & Coffee' Tee,Apparel,22.99,46828a94-94ac-4fa6-8ff5-7b0cdf4227aa
1700,2024-02-05,Developer Joke Sticker,Accessories,3.5,7ac8ae72-3d39-4386-887a-cfc2327ebe91
1701,2024-02-10,Enchanted Forest T-Shirt,Apparel,24.99,0e77e17e-812a-4072-bda6-f944c83f90fd
1702,2024-11-13,Enchanted Forest T-Shirt,Apparel,24.99,2528c87b-41eb-4d6a-8cff-4f4a0736598e
1703,2024-07-13,Cthulhu Silhouette Mug,Home Goods,15.99,bb9ca0a7-5cff-496e-9952-8f2b8071245f
1704,2024-02-26,Sorcerer's Hat Embroidered Cap,Apparel,28.0,6f8f90f1-e14f-4f70-b340-f80b78748cab
1705,2024-02-01,'Code & Coffee' Tee,Apparel,22.99,00d1283f-52f1-48a7-a2f4-4d9b40fe767d
1706,2024-08-15,Viking Rune Keychain,Accessories,9.5,3b182d48-7400-4daf-93b8-ae8abf67d13d
1707,2024-05-30,Elven Leaf Art Print,Home Goods,32.0,b9412503-3b2d-448d-b171-77ce9de718f6
1708,2024-07-07,Cthulhu Silhouette Mug,Home Goods,15.99,e4ad6ac3-5388-44a8-aa50-a55a2b6e235f
1709,2024-05-02,Cosmic Horror Sticker Pack,Accessories,12.0,3f33708e-12b7-456a-9057-aff3a7e15b68
1710,2024-10-20,Enchanted Forest T-Shirt,Apparel,24.99,5eac87b5-a29d-4cb5-b609-68ee92e3202f
1711,2024-12-01,'Code & Coffee' Tee,Apparel,22.99,46d08859-6e3e-4032-aca9-67a1b12268e0
1712,2024-04-13,Enchanted Forest T-Shirt,Apparel,24.99,91f15c56-de66-4778-a8b8-2d5af53c62d1
1713,2024-04-11,Enchanted Forest T-Shirt,Apparel,24.99,adc5e809-b74c-415e-99af-2b09a33305c4
1714,2024-07-22,Enchanted Forest T-Shirt,Apparel,24.99,4c069913-b16a-4b14-be73-baf912f339b3
1715,2024-10-11,Cthulhu Silhouette Mug,Home Goods,15.99,c0c66c64-fd82-45ad-9e0f-666bb2a13853
1716,2024-04-13,Viking Rune Keychain,Accessories,9.5,22a7f351-a2b3-495c-8171-39868daf5526
1717,2024-03-04,Cthulhu Silhouette Mug,Home Goods,15.99,426f6c03-10ee-470c-8012-c9ad06886dda
1718,2024-03-27,Enchanted Forest T-Shirt,Apparel,24.99,92dd9762-cbe1-49fe-b870-f0cffa992a00
1719,2024-04-13,Cosmic Horror Sticker Pack,Accessories,12.0,0945992a-9e1d-4ba5-9d3a-0db10cd7a08b
1720,2024-03-01,Enchanted Forest T-Shirt,Apparel,24.99,6292ca21-4ed8-4895-b8b8-73c11dee8c6c
1721,2024-03-09,'Code & Coffee' Tee,Apparel,22.99,1973e1cd-f5d8-4e4e-ac0e-bb9993f3ca9d
1722,2024-07-17,Enchanted Forest T-Shirt,Apparel,24.99,e2618ad9-9fc4-475e-9c99-0b9ca176549b
1723,2024-02-10,Minimalist Dragon Hoodie,Apparel,45.5,fc01ed87-5093-44ad-ac63-36f8bbf569d5
1724,2024-04-30,Cthulhu Silhouette Mug,Home Goods,15.99,00943808-9632-4152-86e7-b290863e0a97
1725,2024-12-21,RPG Class Symbol Enamel Pin,Accessories,10.0,cfefe55f-2a78-4b53-ad17-c605445244e5
1726,2024-02-29,Enchanted Forest T-Shirt,Apparel,24.99,e6799fcf-5f0f-4121-91a9-251d2476999d
1727,2024-12-03,Enchanted Forest T-Shirt,Apparel,24.99,6e3fa942-c6f4-4c35-b0da-6d490945cf9b
1728,2024-05-02,Enchanted Forest T-Shirt,Apparel,24.99,155a7073-e577-41eb-88ec-f78215a8337c
1729,2024-09-24,Mimic's Grin Throw Pillow,Home Goods,25.0,05359885-966f-47af-ad76-e315471f44db
1730,2024-01-28,Cosmic Horror Sticker Pack,Accessories,12.0,f22f7022-b82e-4862-aa7d-5755ce5fb256
1731,2024-10-21,Dwarven Axe Coasters (Set of 4),Home Goods,19.99,11562add-2eac-419e-94ab-f42ab2934981
1732,2024-03-15,'Code & Coffee' Tee,Apparel,22.99,0fa77395-d586-4324-8739-b71b97537355
1733,2024-11-18,Mimic's Grin Throw Pillow,Home Goods,25.0,3eebd2d9-ea27-4f2b-ad56-37a4f827630d
1734,2024-02-01,Sorcerer's Hat Embroidered Cap,Apparel,28.0,b8a6b28a-ebee-4a62-97fa-fb33bee0d093
1735,2024-03-09,Enchanted Forest T-Shirt,Apparel,24.99,b7d04087-3997-4691-9fa7-592fd7005932
1736,2024-07-22,Enchanted Forest T-Shirt,Apparel,24.99,9b05563d-015f-493a-97f0-ad8faf550b62
1737,2024-04-25,Minimalist Dragon Hoodie,Apparel,45.5,01852423-9272-4ed6-8e5a-158ec45751bc
1738,2024-04-26,RPG Class Symbol Enamel Pin,Accessories,10.0,2f28a100-357d-49f6-817c-b72ad2b0438b
1739,2024-11-01,RPG Class Symbol Enamel Pin,Accessories,10.0,e0e11e5f-45eb-4b03-8d99-2d975d5bc2b1
1740,2024-05-18,Enchanted Forest T-Shirt,Apparel,24.99,edeb9a1b-ae71-4373-b812-c58464c2e597
1741,2024-01-13,RPG Class Symbol Enamel Pin,Accessories,10.0,73557e1e-ccfd-4a3b-956d-f7fcffb032c8
1742,2024-02-28,Enchanted Forest T-Shirt,Apparel,24.99,9e137631-4241-4f59-a194-85d6535deafd
1743,2024-06-13,Dwarven Axe Coasters (Set of 4),Home Goods,19.99,b7f2a027-1382-4186-b1f6-a4fb113c1a9e
1744,2024-03-01,Enchanted Forest T-Shirt,Apparel,24.99,7426a1f6-1334-49c3-a77e-8b13498cd030
1745,2024-07-25,Mimic's Grin Throw Pillow,Home Goods,25.0,6a3cd162-0024-4bf6-848b-ac888c1772f0
1746,2024-05-20,'Code & Coffee' Tee,Apparel,22.99,fe09b0b4-1213-4017-9671-4a34bef795c2
1747,2024-10-23,Enchanted Forest T-Shirt,Apparel,24.99,09e9293f-787b-450a-a59e-1896032cb984
1748,2024-05-31,Cosmic Horror Sticker Pack,Accessories,12.0,f00451fa-73e5-4ef4-90d5-7e244042a89c
1749,2024-10-25,Cthulhu Silhouette Mug,Home Goods,15.99,53709530-65ac-4a13-83e1-be49ddd40a9e
1750,2024-04-29,Cthulhu Silhouette Mug,Home Goods,15.99,100c1920-c58c-4f36-ab04-bd410efbc66f
1751,2024-11-17,'Code & Coffee' Tee,Apparel,22.99,a2a5d13d-ca0f-4a80-80cd-f9efe6670b84
1752,2024-04-15,Cthulhu Silhouette Mug,Home Goods,15.99,7f316cc0-767a-4a99-bc59-67e9db20ff60
1753,2024-11-22,'Code & Coffee' Tee,Apparel,22.99,56d4b61b-453a-4ffd-8378-2f1cc7270f56
1754,2024-09-05,Mimic's Grin Throw Pillow,Home Goods,25.0,6da2b421-e5b1-44fa-a551-718df33fa945
1755,2024-07-30,Elven Leaf Art Print,Home Goods,32.0,c570a991-7e38-43fa-a4eb-6bc99c448838
1756,2024-07-31,Dwarven Axe Coasters (Set of 4),Home Goods,19.99,6a8a143c-e5c0-4a44-94fa-55b1f6d021f7
1757,2024-12-28,Cthulhu Silhouette Mug,Home Goods,15.99,82d3c5fd-1e31-4140-a7ec-388925a4747b
1758,2024-02-04,Minimalist Dragon Hoodie,Apparel,45.5,00bea2fd-2138-4770-829c-6c0142053a19
1759,2024-10-02,Sorcerer's Hat Embroidered Cap,Apparel,28.0,643942e6-bcff-40f5-8c21-620f05d45c07
1760,2024-02-18,RPG Class Symbol Enamel Pin,Accessories,10.0,d0d21ff3-dcde-40d1-ba6b-3cec28882c3a
1761,2024-03-10,'Code & Coffee' Tee,Apparel,22.99,4ec985fb-1f89-4c65-b968-2ff7bcfc7745
1762,2024-05-20,Dwarven Axe Coasters (Set of 4),Home Goods,19.99,50bf764c-3566-478e-bab4-4f4fb9f7b10d
1763,2024-11-11,Cthulhu Silhouette Mug,Home Goods,15.99,34609b4b-487a-4188-91c6-64ec217e7dcb
1764,2024-10-11,Enchanted Forest T-Shirt,Apparel,24.99,f3ff1cb3-94a2-41af-bbcb-6f6016120c3a
1765,2024-08-14,Enchanted Forest T-Shirt,Apparel,24.99,e58bd8ea-71c8-4c6b-950a-560542ab046f
1766,2024-05-04,Enchanted Forest T-Shirt,Apparel,24.99,6a2da031-f57e-401a-beae-d2d598b560f3
1767,2024-12-25,Mimic's Grin Throw Pillow,Home Goods,25.0,f70279ca-dc17-444f-a3a9-7aa214a78021
1768,2024-08-24,'Code & Coffee' Tee,Apparel,22.99,fd722e32-5f0d-4dd5-b26e-db0925e73183
1769,2024-01-28,Elven Leaf Art Print,Home Goods,32.0,3d1ae6ae-bbe5-46b3-b678-7efa8fedefca
1770,2024-07-16,Enchanted Forest T-Shirt,Apparel,24.99,d8aad33d-221b-4bc8-84d2-7ff42b777d36
1771,2024-08-08,Minimalist Dragon Hoodie,Apparel,45.5,a91cd76f-519d-40b5-9a49-0e2574f929c7
1772,2024-12-22,Dwarven Axe Coasters (Set of 4),Home Goods,19.99,66a4afb2-0e6b-40d2-bc0d-5bb2aaaac77c
1773,2024-04-15,'Code & Coffee' Tee,Apparel,22.99,60fcfb07-f7a7-43d0-902c-a56508893da0
1774,2024-02-27,Dwarven Axe Coasters (Set of 4),Home Goods,19.99,2bed3804-99ed-4a0e-a57c-2bfa2189bc7a
1775,2024-09-30,RPG Class Symbol Enamel Pin,Accessories,10.0,4b1e003b-77c5-4f26-be64-4ff233e053ce
1776,2024-11-07,Enchanted Forest T-Shirt,Apparel,24.99,06a9cad0-f11b-49ce-9dfd-5a1629866ee0
1777,2024-05-24,Dwarven Axe Coasters (Set of 4),Home Goods,19.99,ceb5c544-4834-48c1-b3a6-398b8b2eb4cc
1778,2024-08-29,Dwarven Axe Coasters (Set of 4),Home Goods,19.99,e2a3156c-ea1f-400d-8f12-75b9380e4b4b
1779,2024-09-15,RPG Class Symbol Enamel Pin,Accessories,10.0,0daf43c4-47a9-4131-9557-68ef19c9873f
1780,2024-08-30,RPG Class Symbol Enamel Pin,Accessories,10.0,cc4b809f-83a9-4075-b6c4-ea2da4bd9bb5
1781,2024-07-09,Dwarven Axe Coasters (Set of 4),Home Goods,19.99,1a862f96-11fa-4127-ab3f-ebe653d2c5c3
1782,2024-07-28,Minimalist Dragon Hoodie,Apparel,45.5,e8c52d48-719c-4605-b5bd-81f5e27c4f1c
1783,2024-08-12,Cosmic Horror Sticker Pack,Accessories,12.0,f030f9e9-9748-474f-b337-518e49e79b0c
1784,2024-12-23,Mimic's Grin Throw Pillow,Home Goods,25.0,bb9d6c5f-63f0-49f7-996e-9a71b3946102
1785,2024-08-13,Enchanted Forest T-Shirt,Apparel,24.99,7e85caf6-bffb-40cb-84f6-1418e450f990
1786,2024-09-09,Dwarven Axe Coasters (Set of 4),Home Goods,19.99,b4137e38-9847-4c84-b7c6-d1587cc2c4ae
1787,2024-07-08,Sorcerer's Hat Embroidered Cap,Apparel,28.0,6dd48f36-65e1-4bd4-a6e1-72f276a64a27
1788,2024-09-15,Viking Rune Keychain,Accessories,9.5,26d40446-4cc5-4ce6-8af7-7b9ed31d7b3a
1789,2024-12-01,Enchanted Forest T-Shirt,Apparel,24.99,b0291f8a-6098-4757-86fe-44fa3feb0877
1790,2024-07-17,Mimic's Grin Throw Pillow,Home Goods,25.0,398edc5d-cfae-41d4-82d5-4aa4fb1ddfd9
1791,2024-04-14,Cthulhu Silhouette Mug,Home Goods,15.99,b44d4cdc-da28-4e0d-8caa-8477c2abb2ca
1792,2024-07-26,Enchanted Forest T-Shirt,Apparel,24.99,18490b7e-2308-4af2-becd-b67a97501f0e
1793,2024-10-10,Enchanted Forest T-Shirt,Apparel,24.99,05d96caa-4851-4ce6-87c8-dc8c68e16803
1794,2024-04-05,Elven Leaf Art Print,Home Goods,32.0,443357ac-4882-4074-8f5f-d6296fcc3c6f
1795,2024-11-04,Developer Joke Sticker,Accessories,3.5,9481991c-6b45-4371-b8ea-5392cc309feb
1796,2024-10-23,'Code & Coffee' Tee,Apparel,22.99,87cff03f-11df-4933-b663-07c711188eba
1797,2024-05-09,Cosmic Horror Sticker Pack,Accessories,12.0,c58ce705-05cb-444f-a31b-afe8ba08b468
1798,2024-04-17,Minimalist Dragon Hoodie,Apparel,45.5,d492836d-d7d0-4808-adf8-0d5cde11a6bd
1799,2024-05-09,Cthulhu Silhouette Mug,Home Goods,15.99,1f413f33-85ed-454b-b26b-4b70ddb33c4a
1800,2024-03-07,Enchanted Forest T-Shirt,Apparel,24.99,b69cf1b6-0849-4b6a-9abd-71823cd297ec
1801,2024-11-13,Cthulhu Silhouette Mug,Home Goods,15.99,73e9df01-d47f-4938-b4c9-47a6b7e9fbcd
1802,2024-11-09,Enchanted Forest T-Shirt,Apparel,24.99,1a6fe6e8-5a28-4ecf-85d2-5557d64dcccf
1803,2024-11-22,Mimic's Grin Throw Pillow,Home Goods,25.0,894045bd-9648-42d9-80f3-1b4b24db3099
1804,2024-09-23,Dwarven Axe Coasters (Set of 4),Home Goods,19.99,c46a371a-4657-4689-a01c-8c3c31a83f0e
1805,2024-07-01,Enchanted Forest T-Shirt,Apparel,24.99,36f32911-f94f-43d5-a4b1-88286abb712d
1806,2024-02-06,Mimic's Grin Throw Pillow,Home Goods,25.0,8cbbd8fb-4caa-41f3-866d-42c73ca529a7
1807,2024-04-06,Cosmic Horror Sticker Pack,Accessories,12.0,667c7d58-79a1-4b82-94c8-d9cd073c83e9
1808,2024-05-04,Cthulhu Silhouette Mug,Home Goods,15.99,558a0fa6-58a7-4684-adf2-d6452fa2d573
1809,2024-02-27,Enchanted Forest T-Shirt,Apparel,24.99,d58fb8f2-14c9-4ff0-a898-dad8be0a7527
1810,2024-11-26,Mimic's Grin Throw Pillow,Home Goods,25.0,a46edbc2-e22d-488c-be02-82a1ff38b6c8
1811,2024-12-03,Cthulhu Silhouette Mug,Home Goods,15.99,71259049-d468-4924-ad75-a698287a08b0
1812,2024-02-17,Enchanted Forest T-Shirt,Apparel,24.99,8000c8e6-2652-4471-9b00-d046ec7ffed9
1813,2024-07-17,Enchanted Forest T-Shirt,Apparel,24.99,a819b9bc-69b2-48a7-9096-edfe510c4939
1814,2024-08-13,Viking Rune Keychain,Accessories,9.5,d839dd18-8074-4b79-89d7-98ba03b2dafa
1815,2024-08-23,Mimic's Grin Throw Pillow,Home Goods,25.0,83db373e-c49c-40d2-b367-967cd4164af8
1816,2024-05-26,Enchanted Forest T-Shirt,Apparel,24.99,99b4a25b-b8a6-4c0c-bc87-08ba0d71b601
1817,2024-03-18,'Code & Coffee' Tee,Apparel,22.99,9404039a-12a1-4afd-bc5e-d7dbcc2c07be
1818,2024-02-23,Enchanted Forest T-Shirt,Apparel,24.99,b0970249-0c9d-4b3d-9385-ee8902bd8f20
1819,2024-03-16,Cosmic Horror Sticker Pack,Accessories,12.0,467f1381-9827-41c8-bba1-b721e2014960
1820,2024-06-30,'Code & Coffee' Tee,Apparel,22.99,93bafb28-799f-4b73-8532-e5b5df924410
1821,2024-06-12,Viking Rune Keychain,Accessories,9.5,b4f12c62-8c7e-41b0-8fe7-8df9e35435ff
1822,2024-02-17,Cthulhu Silhouette Mug,Home Goods,15.99,25c070e1-c6f3-4bb9-8cd9-ff26c1ea69b9
1823,2024-12-10,Enchanted Forest T-Shirt,Apparel,24.99,162d3b48-8543-4a29-ae38-26a5f50125a6
1824,2024-03-09,Enchanted Forest T-Shirt,Apparel,24.99,43f12db1-e1cb-4cee-b663-aa3cd697a0f0
1825,2024-10-02,'Code & Coffee' Tee,Apparel,22.99,21b59385-7279-4499-942a-84fd2d378e43
1826,2024-01-18,Cthulhu Silhouette Mug,Home Goods,15.99,4e310432-cb98-4f77-b073-4527787763ab
1827,2024-02-08,Enchanted Forest T-Shirt,Apparel,24.99,89a2864a-8c1e-47f7-8b28-e1f4cdf5ec7f
1828,2024-03-01,Elven Leaf Art Print,Home Goods,32.0,023cc63d-e29d-43ae-b3b6-4bb499629a4b
1829,2024-03-04,Cthulhu Silhouette Mug,Home Goods,15.99,9008073f-7404-4ce6-8d94-d0026d555ac6
1830,2024-06-15,Cosmic Horror Sticker Pack,Accessories,12.0,09e389fc-e6e4-4155-a78c-a30ffb424fd0
1831,2024-07-16,Viking Rune Keychain,Accessories,9.5,1a7e7573-adbb-4020-8a8c-8ac8253e4b73
1832,2024-02-17,Cosmic Horror Sticker Pack,Accessories,12.0,6119f546-6e01-4b12-91c8-c494739df448
1833,2024-03-17,Viking Rune Keychain,Accessories,9.5,a0701466-0323-4266-8ea0-37927f3874a1
1834,2024-10-05,'Code & Coffee' Tee,Apparel,22.99,634a00b7-b665-4903-bf45-bdf1aef9d2a1
1835,2024-06-08,'Code & Coffee' Tee,Apparel,22.99,65d4715d-58bc-4947-af75-32f840a4a0b8
1836,2024-07-20,Sorcerer's Hat Embroidered Cap,Apparel,28.0,a08df8c4-ff69-44e4-942f-076da10bf728
1837,2024-06-21,Dwarven Axe Coasters (Set of 4),Home Goods,19.99,ee7f510d-4cc4-477b-ac2c-2e3f6e1c2321
1838,2024-11-07,Cosmic Horror Sticker Pack,Accessories,12.0,c65114c5-3ae2-40a4-9c98-652911c769fb
1839,2024-01-28,Mimic's Grin Throw Pillow,Home Goods,25.0,182cb67a-1691-462b-abcc-73ea7aee1f4f
1840,2024-02-26,Elven Leaf Art Print,Home Goods,32.0,2b608de5-0bb2-4357-92e8-0197cb6b3533
1841,2024-01-11,Dwarven Axe Coasters (Set of 4),Home Goods,19.99,d8018638-99aa-43ce-8ef3-876d51955b38
1842,2024-04-12,Cthulhu Silhouette Mug,Home Goods,15.99,63b04d5d-c27f-4fef-89b4-aafaf6d09c19
1843,2024-01-01,'Code & Coffee' Tee,Apparel,22.99,f936edc9-8b66-49c2-9a2c-23f90b4e8939
1844,2024-05-17,'Code & Coffee' Tee,Apparel,22.99,c6b00564-9508-4dfa-bfde-0c10abe3f7a4
1845,2024-12-14,Minimalist Dragon Hoodie,Apparel,45.5,a50b9404-4d58-436a-9661-7a0dcf0dec45
1846,2024-12-16,Dwarven Axe Coasters (Set of 4),Home Goods,19.99,fa0cdb0d-178a-4050-adf9-976ab2f3a8e5
1847,2024-02-02,Elven Leaf Art Print,Home Goods,32.0,6933918a-a2f3-4ddb-a464-b907fb1a3c27
1848,2024-11-24,Viking Rune Keychain,Accessories,9.5,e30de8d6-f9b0-4997-9887-50051e09e6e3
1849,2024-03-05,Enchanted Forest T-Shirt,Apparel,24.99,de379dd6-762e-4813-a029-c7a49bcc1c7d
1850,2024-10-27,Cosmic Horror Sticker Pack,Accessories,12.0,74067449-e8f7-4e92-b132-0321a70a5c05
1851,2024-11-29,Mimic's Grin Throw Pillow,Home Goods,25.0,858ef951-fad0-4991-a280-18624ab04d54
1852,2024-03-26,Minimalist Dragon Hoodie,Apparel,45.5,01c10aba-6fa8-4ecc-91ce-3a39f5ba958b
1853,2024-12-10,Cosmic Horror Sticker Pack,Accessories,12.0,0839508d-7510-4239-b0c7-2e08e0050c48
1854,2024-08-24,Enchanted Forest T-Shirt,Apparel,24.99,50e344f5-011b-4ea4-a072-6f6b1808a77e
1855,2024-08-05,Enchanted Forest T-Shirt,Apparel,24.99,e2f2be54-eee3-4822-a80a-d6b196349b97
1856,2024-01-21,RPG Class Symbol Enamel Pin,Accessories,10.0,3186ac09-a23d-480c-854b-a306b84e9f5e
1857,2024-07-16,Cthulhu Silhouette Mug,Home Goods,15.99,eab8f078-58e8-46d3-9b60-53bc2650e9a6
1858,2024-05-05,Enchanted Forest T-Shirt,Apparel,24.99,4a2d5936-e9ce-4019-8d04-cdeee4ae058c
1859,2024-01-13,Enchanted Forest T-Shirt,Apparel,24.99,dbbc6b9b-b314-4edf-866e-afff031398d1
1860,2024-07-05,Cthulhu Silhouette Mug,Home Goods,15.99,ec98feaa-64fe-4a92-8907-f65b50909cb7
1861,2024-08-03,Enchanted Forest T-Shirt,Apparel,24.99,9b1c5e7f-22cf-4f3f-9ffe-776702a832cb
1862,2024-03-03,'Code & Coffee' Tee,Apparel,22.99,9db5dfe4-ae91-4a07-843e-651e70d92c49
1863,2024-04-17,Cthulhu Silhouette Mug,Home Goods,15.99,42af3206-15da-4a83-a5c8-1a41b3247b95
1864,2024-03-30,RPG Class Symbol Enamel Pin,Accessories,10.0,a0766bce-849d-415d-9725-80869b242918
1865,2024-09-08,Cthulhu Silhouette Mug,Home Goods,15.99,0b090aa5-0356-4079-a43d-0881bd958b66
1866,2024-07-24,Cthulhu Silhouette Mug,Home Goods,15.99,5e9e41bc-fcb4-4f33-94d3-a97fe4850a69
1867,2024-06-10,Dwarven Axe Coasters (Set of 4),Home Goods,19.99,758b5583-eb05-4dae-8c12-1ed4dcbbf9c3
1868,2024-06-08,Viking Rune Keychain,Accessories,9.5,aff3edf7-318f-44f6-866c-f0dcb124f736
1869,2024-03-29,Enchanted Forest T-Shirt,Apparel,24.99,d8314178-4049-4001-b6df-f754c982ef9e
1870,2024-09-22,Enchanted Forest T-Shirt,Apparel,24.99,45865dca-b663-4ae2-b471-98b91916446c
1871,2024-04-24,'Code & Coffee' Tee,Apparel,22.99,b8d70ee7-ce4a-46a7-9a81-b4abb2efb3c9
1872,2024-11-11,Elven Leaf Art Print,Home Goods,32.0,a2b46285-b506-4b75-8bf6-9ab96d368ccc
1873,2024-03-10,Enchanted Forest T-Shirt,Apparel,24.99,dd8e754c-d9b2-4d5f-9934-c0334e83f5e6
1874,2024-09-28,Cosmic Horror Sticker Pack,Accessories,12.0,680b29d2-44f8-4e46-8832-005a3d389c2b
1875,2024-08-13,Viking Rune Keychain,Accessories,9.5,669e9d45-31dc-462f-b546-5e9371680bc4
1876,2024-09-11,Cthulhu Silhouette Mug,Home Goods,15.99,af564218-b5a7-4775-aa9e-dd7ef7192671
1877,2024-05-31,Cthulhu Silhouette Mug,Home Goods,15.99,9f93f064-5f00-4ac7-80e8-35fb777e40a2
1878,2024-07-13,Enchanted Forest T-Shirt,Apparel,24.99,009f6739-17f9-4dc0-ad72-7d2d9fd50328
1879,2024-05-05,Dwarven Axe Coasters (Set of 4),Home Goods,19.99,250f9560-d991-4776-ad0a-1943e3c5ef58
1880,2024-10-27,Developer Joke Sticker,Accessories,3.5,749d2b83-db7c-4d4a-b908-5f9d73f39803
1881,2024-06-09,Enchanted Forest T-Shirt,Apparel,24.99,b894c36b-778f-42fc-b759-75a52acdeefe
1882,2024-12-10,Elven Leaf Art Print,Home Goods,32.0,3f083158-46bd-4d2f-b491-739b8834bbc8
1883,2024-05-21,Cthulhu Silhouette Mug,Home Goods,15.99,c964f3d0-edaf-44f3-af5f-95cbc3d314b0
1884,2024-02-13,Viking Rune Keychain,Accessories,9.5,8c707081-6d86-4c91-96f5-15dfe7dd111c
1885,2024-05-28,Viking Rune Keychain,Accessories,9.5,db6532a3-3fbc-45b9-8a90-98fee8b71950
1886,2024-06-26,Cthulhu Silhouette Mug,Home Goods,15.99,261d761c-d23a-4cee-8e2c-ac51535ffc9c
1887,2024-02-11,Developer Joke Sticker,Accessories,3.5,42b02cd9-f26d-4512-b3ad-6c5dbb6134b4
1888,2024-02-18,Dwarven Axe Coasters (Set of 4),Home Goods,19.99,438ac286-8f38-451c-a446-0574fd156104
1889,2024-07-11,Elven Leaf Art Print,Home Goods,32.0,b2b585de-2b11-44fc-8265-af138dcdd1ad
1890,2024-12-13,Cosmic Horror Sticker Pack,Accessories,12.0,8017d3e3-127e-4b3d-9af7-5d56fbc64ced
1891,2024-08-06,Viking Rune Keychain,Accessories,9.5,e4f4c17e-a37b-4f8b-aa29-a76abe7d335c
1892,2024-07-15,Cthulhu Silhouette Mug,Home Goods,15.99,a7079bf6-d0ec-4c24-9737-421a4b6c964e
1893,2024-08-12,Minimalist Dragon Hoodie,Apparel,45.5,0192bfd8-250f-4b05-a89a-3cbd3a19d6a5
1894,2024-11-28,Sorcerer's Hat Embroidered Cap,Apparel,28.0,3f2c043b-6bb1-459b-b8d5-45227baf1525
1895,2024-12-25,Enchanted Forest T-Shirt,Apparel,24.99,d5544332-a078-47bc-ba16-d4ac7be52287
1896,2024-12-16,RPG Class Symbol Enamel Pin,Accessories,10.0,a92fb779-9e69-4f1b-8fea-5dc2da474a48
1897,2024-02-02,Dwarven Axe Coasters (Set of 4),Home Goods,19.99,7741a518-7c25-4cd8-9fcf-63ca31982c91
1898,2024-08-23,Enchanted Forest T-Shirt,Apparel,24.99,9aff4973-31bd-49cd-9aa0-6ca898e84dbb
1899,2024-06-04,Cthulhu Silhouette Mug,Home Goods,15.99,8c732856-928f-433f-a95f-be148d0b235f
1900,2024-11-22,Cosmic Horror Sticker Pack,Accessories,12.0,c25d1871-aa7d-4fed-8f38-429b830275d4
1901,2024-11-30,Developer Joke Sticker,Accessories,3.5,fd16d575-202a-453d-92c2-717e2f41be62
1902,2024-11-21,Enchanted Forest T-Shirt,Apparel,24.99,921e8db9-83ff-42eb-9895-d8901de44271
1903,2024-06-30,Enchanted Forest T-Shirt,Apparel,24.99,2f37a123-f374-48f8-9038-99360292e808
1904,2024-12-15,RPG Class Symbol Enamel Pin,Accessories,10.0,d1819334-0ed0-4706-9128-e96bf897da3a
1905,2024-04-16,Minimalist Dragon Hoodie,Apparel,45.5,9ab27fc3-e5a4-408a-a562-031fde7182a0
1906,2024-10-29,Enchanted Forest T-Shirt,Apparel,24.99,48acdba2-7063-4012-90ff-13cd5e240eae
1907,2024-04-28,Cosmic Horror Sticker Pack,Accessories,12.0,852a7266-4d5b-43d4-8302-80aeb8c44dfb
1908,2024-01-12,Enchanted Forest T-Shirt,Apparel,24.99,7151fb77-8507-41f5-b534-902b88d38349
1909,2024-02-17,Cthulhu Silhouette Mug,Home Goods,15.99,d7dd7eb2-40fa-42a3-b874-05ebef9fbf85
1910,2024-02-29,Sorcerer's Hat Embroidered Cap,Apparel,28.0,138f4f02-1a5a-43f1-a287-4c97dc518501
1911,2024-11-19,Developer Joke Sticker,Accessories,3.5,08995794-b858-43fd-85bf-e9fe3c64189e
1912,2024-01-29,Cosmic Horror Sticker Pack,Accessories,12.0,ac553518-c348-44f5-9eb9-8de76b1902bb
1913,2024-05-09,Enchanted Forest T-Shirt,Apparel,24.99,98647767-9147-46dd-9c9b-388a1166277d
1914,2024-03-08,Cthulhu Silhouette Mug,Home Goods,15.99,4c1a5d98-c1a4-4a1f-9aac-5114124d6e24
1915,2024-01-25,Sorcerer's Hat Embroidered Cap,Apparel,28.0,9a53a98d-1613-4bcd-a6dc-31f1a7c2cb55
1916,2024-06-26,'Code & Coffee' Tee,Apparel,22.99,47b0a9c2-d23e-4dd8-bc8a-174bb909f1d4
1917,2024-08-26,Elven Leaf Art Print,Home Goods,32.0,64fdb8e6-92cc-4a5b-bed6-2d5282057844
1918,2024-10-27,Cthulhu Silhouette Mug,Home Goods,15.99,9bcb4947-9c14-4305-a2ab-1f8dd75bf876
1919,2024-07-04,Enchanted Forest T-Shirt,Apparel,24.99,48d22c37-5ff1-409c-ba49-fb7a8af7aeeb
1920,2024-02-12,Cthulhu Silhouette Mug,Home Goods,15.99,a2d0bc47-174e-4311-9952-9222aac9c5c8
1921,2024-07-11,Mimic's Grin Throw Pillow,Home Goods,25.0,053de6ea-c3a4-46b7-b37d-50e95ffe2f9a
1922,2024-10-19,Minimalist Dragon Hoodie,Apparel,45.5,8e769251-e341-416a-b1ed-9e7c740acafa
1923,2024-11-01,Cthulhu Silhouette Mug,Home Goods,15.99,b7219691-f0c7-48af-a44f-7028b21731ea
1924,2024-08-12,Enchanted Forest T-Shirt,Apparel,24.99,0a6bc6f4-8864-4e86-b27b-fe3300e92aa3
1925,2024-05-26,Sorcerer's Hat Embroidered Cap,Apparel,28.0,d656de17-51fc-4e80-b337-98fdc1d664c9
1926,2024-10-20,Viking Rune Keychain,Accessories,9.5,58d10768-b616-48f3-ba85-7e953b8b1628
1927,2024-07-24,Enchanted Forest T-Shirt,Apparel,24.99,827dbc86-10a5-4b5f-af56-770f543a0130
1928,2024-11-19,'Code & Coffee' Tee,Apparel,22.99,d4005dc0-3d6e-450d-8a40-7b488db3277f
1929,2024-10-23,Enchanted Forest T-Shirt,Apparel,24.99,d1630c12-0261-4265-8f4b-2ebacd81aa13
1930,2024-11-20,Enchanted Forest T-Shirt,Apparel,24.99,8797d09b-7282-4f79-bdcc-aa73f03c072a
1931,2024-10-23,Enchanted Forest T-Shirt,Apparel,24.99,6c133e9a-2fa6-490e-80e0-16a2bf482d71
1932,2024-11-09,Cthulhu Silhouette Mug,Home Goods,15.99,09e0a645-652b-41dc-8a76-5748c42d4974
1933,2024-09-28,Cthulhu Silhouette Mug,Home Goods,15.99,11e92ba3-c81c-48fe-8ca6-0d533c8db2cb
1934,2024-09-13,Cosmic Horror Sticker Pack,Accessories,12.0,6c088e39-df79-47bc-a7cd-79316673df6a
1935,2024-06-29,Viking Rune Keychain,Accessories,9.5,5158eb7b-42b9-4e27-b379-284d86a040cd
1936,2024-11-17,Sorcerer's Hat Embroidered Cap,Apparel,28.0,bcffae9b-903c-45e3-8128-24d7c86d36d4
1937,2024-09-17,Enchanted Forest T-Shirt,Apparel,24.99,dc1c7d02-d501-4abf-ae1d-56feeea827e8
1938,2024-05-20,Developer Joke Sticker,Accessories,3.5,6aefefcd-76ea-4708-ab8c-2504f0d1b68a
1939,2024-06-02,Dwarven Axe Coasters (Set of 4),Home Goods,19.99,8ef5ad83-2901-4f68-b6a3-906fb1c094ae
1940,2024-06-24,Cthulhu Silhouette Mug,Home Goods,15.99,45f478d4-a811-4398-b137-d3901202c409
1941,2024-07-27,Enchanted Forest T-Shirt,Apparel,24.99,1c8ef958-b4c0-448f-b75b-b5b5ed1f48f7
1942,2024-01-25,Cthulhu Silhouette Mug,Home Goods,15.99,f47a4a5b-f6f9-4d5a-b138-f6126ee9dff4
1943,2024-04-09,Elven Leaf Art Print,Home Goods,32.0,c34f0548-8f8f-4699-a3f3-e8ca150e7fbc
1944,2024-04-30,Enchanted Forest T-Shirt,Apparel,24.99,7bde5779-39b4-4821-b248-c7306083598e
1945,2024-01-12,Dwarven Axe Coasters (Set of 4),Home Goods,19.99,8c3664dc-9d31-49a1-865a-c4bcaab04d2b
1946,2024-06-15,Mimic's Grin Throw Pillow,Home Goods,25.0,96338ea0-fe8f-424f-a4b4-3e83339ee76c
1947,2024-11-18,Dwarven Axe Coasters (Set of 4),Home Goods,19.99,8b3cc2a8-92d7-433d-8c8e-644bed88ab2e
1948,2024-09-25,Cthulhu Silhouette Mug,Home Goods,15.99,30501d5c-94d3-42c1-a8cb-e07f14450455
1949,2024-07-18,Cthulhu Silhouette Mug,Home Goods,15.99,e5c2979d-2f5b-4f46-913d-5ae016a44941
1950,2024-04-29,Viking Rune Keychain,Accessories,9.5,f063ad2c-dbbc-474a-9bfb-3092f9f8b79a
1951,2024-10-30,Dwarven Axe Coasters (Set of 4),Home Goods,19.99,ad7e6f5f-81dc-4dd0-9cae-19c5e49df1ad
1952,2024-10-25,Viking Rune Keychain,Accessories,9.5,1d190e6a-2a3a-450f-961c-5d876f6fbc54
1953,2024-11-01,Cthulhu Silhouette Mug,Home Goods,15.99,073350ae-9498-4aa7-ad31-b4135586d94e
1954,2024-05-17,Viking Rune Keychain,Accessories,9.5,6b6d6800-e027-4eec-9175-793be3e4a218
1955,2024-07-22,Enchanted Forest T-Shirt,Apparel,24.99,e16b9562-143d-4e72-9cd0-01c7367d9cea
1956,2024-09-28,Enchanted Forest T-Shirt,Apparel,24.99,1c9394eb-c51b-4044-aaad-bd8b869faa7b
1957,2024-05-26,Sorcerer's Hat Embroidered Cap,Apparel,28.0,275815ca-fe62-4f0a-a20e-076b94ec196d
1958,2024-11-08,Cthulhu Silhouette Mug,Home Goods,15.99,656a8945-f3c5-4a38-840d-b156fee370a7
1959,2024-12-17,Cosmic Horror Sticker Pack,Accessories,12.0,b847860f-5f10-4105-a793-889511a4dfee
1960,2024-03-15,Enchanted Forest T-Shirt,Apparel,24.99,18a7c27e-e51d-45e0-9c4d-d0f15edd291b
1961,2024-10-20,Cosmic Horror Sticker Pack,Accessories,12.0,26cddb01-3bc6-47fa-be03-39386b595675
1962,2024-03-04,Cthulhu Silhouette Mug,Home Goods,15.99,18db5782-05ef-45f7-9655-e95a30d61795
1963,2024-11-15,Cthulhu Silhouette Mug,Home Goods,15.99,9154f95b-1274-4bfe-877c-aae94acc66fe
1964,2024-08-21,Sorcerer's Hat Embroidered Cap,Apparel,28.0,eef26b9a-f254-43db-bb89-277609c2758b
1965,2024-05-03,Cthulhu Silhouette Mug,Home Goods,15.99,09ff5657-d587-4583-bc8e-573f96a20878
1966,2024-07-27,Cthulhu Silhouette Mug,Home Goods,15.99,8d9db9a5-e9e1-4958-8a02-3c974cc70617
1967,2024-10-06,Viking Rune Keychain,Accessories,9.5,f19ab882-15a8-4dc2-ac21-6df05836d599
1968,2024-12-14,Cthulhu Silhouette Mug,Home Goods,15.99,0456be1c-8fd2-4bb5-92ea-0ee352e16ba3
1969,2024-11-06,Dwarven Axe Coasters (Set of 4),Home Goods,19.99,3bd79013-739a-42ff-be61-9a1a8bbb7dc3
1970,2024-05-01,'Code & Coffee' Tee,Apparel,22.99,616ec51b-f798-49da-b566-5b67d7bbf6e5
1971,2024-02-24,Sorcerer's Hat Embroidered Cap,Apparel,28.0,9047695a-a04f-4d69-9eef-78772d94b0c8
1972,2024-06-19,Cthulhu Silhouette Mug,Home Goods,15.99,c63af902-97e4-457b-ad76-300f0a7bfdd5
1973,2024-02-18,Sorcerer's Hat Embroidered Cap,Apparel,28.0,8a87292a-93d6-4b56-9059-ff2babb1b2aa
1974,2024-06-20,Cosmic Horror Sticker Pack,Accessories,12.0,b8ecf622-05aa-4bcc-a753-72f892b91e34
1975,2024-10-22,Minimalist Dragon Hoodie,Apparel,45.5,f90c23a6-96a6-4bda-b1bf-fbcf33e64233
1976,2024-09-17,Sorcerer's Hat Embroidered Cap,Apparel,28.0,e8299b65-6cc4-4b51-829b-204c9b448505
1977,2024-08-11,Enchanted Forest T-Shirt,Apparel,24.99,86f965fa-b972-4ac9-a927-d9556c036076
1978,2024-11-23,'Code & Coffee' Tee,Apparel,22.99,d7f157f7-6ee3-4495-85f1-0e291c2f8935
1979,2024-12-12,Enchanted Forest T-Shirt,Apparel,24.99,0e7e7453-6f95-40c1-b5d9-807928abee78
1980,2024-04-03,Sorcerer's Hat Embroidered Cap,Apparel,28.0,b29b8538-da55-4763-93a7-af393fe7c410
1981,2024-05-19,RPG Class Symbol Enamel Pin,Accessories,10.0,bd957dcb-63ab-4970-9a94-a2b068abfdbc
1982,2024-08-22,Mimic's Grin Throw Pillow,Home Goods,25.0,bb0b9909-fca4-47bd-bf89-62dc9b5787f1
1983,2024-09-01,Sorcerer's Hat Embroidered Cap,Apparel,28.0,ffe28446-56e0-4e75-933a-4289aa645eb2
1984,2024-01-22,Enchanted Forest T-Shirt,Apparel,24.99,72f229ef-3ab0-4825-88d1-3086d09ef258
1985,2024-11-13,Sorcerer's Hat Embroidered Cap,Apparel,28.0,642f2db1-cd8e-4234-bc05-fc640774bd3f
1986,2024-05-23,Enchanted Forest T-Shirt,Apparel,24.99,b03e3b34-4e9e-4a66-9ca7-5deb2b9653fb
1987,2024-08-12,Cthulhu Silhouette Mug,Home Goods,15.99,754a372f-3809-4f8a-ba23-743fd7f8f40b
1988,2024-08-26,Cthulhu Silhouette Mug,Home Goods,15.99,cbf206f4-1d3a-4119-be6d-e4fc1c4d687a
1989,2024-12-24,Minimalist Dragon Hoodie,Apparel,45.5,ff09ce2c-cf96-4565-8dfc-d677a8624150
1990,2024-10-25,Cthulhu Silhouette Mug,Home Goods,15.99,1b259c37-4540-4eb2-814a-2c661ebb058d
1991,2024-12-30,Cthulhu Silhouette Mug,Home Goods,15.99,56401689-11f8-4d51-a2b2-8a33f6f37de5
1992,2024-07-10,Dwarven Axe Coasters (Set of 4),Home Goods,19.99,a118195a-ce4f-4d0d-8d42-0dc6b0a7b009
1993,2024-08-16,Cosmic Horror Sticker Pack,Accessories,12.0,653e0601-2db9-4e4a-9e89-29a2f833650b
1994,2024-04-07,Enchanted Forest T-Shirt,Apparel,24.99,6213efc0-c920-4ea5-94d7-20c4a3879816
1995,2024-01-28,Dwarven Axe Coasters (Set of 4),Home Goods,19.99,834a96f1-d95a-4211-8ce3-898d8dfbb91c
1996,2024-01-12,RPG Class Symbol Enamel Pin,Accessories,10.0,05c71316-2a78-4a7e-9d14-1e7028c6c420
1997,2024-09-29,Cthulhu Silhouette Mug,Home Goods,15.99,07e9be95-26d8-4403-a8ca-45354e5dcf2b
1998,2024-04-22,Minimalist Dragon Hoodie,Apparel,45.5,f80b1270-0f6a-4b39-ab59-98d1f55929f7
1999,2024-10-17,Viking Rune Keychain,Accessories,9.5,2848cb43-11ff-4eb1-ae3b-3f6e5f6aa3bf
2000,2024-01-08,Cthulhu Silhouette Mug,Home Goods,15.99,e746f63c-09b0-48da-911d-416149626714
